entry_date,exit_date,entry_price,exit_price,position,action,entry_capital,exit_capital,pnl,return_pct,holding_days
2020-01-03,2020-03-16,295.44,219.79,1.0,HOLD 1.00x,1000000.0,743794.0,-256206.0,-25.62,73
2020-03-16,2020-05-06,219.79,262.01,1.6,BUY DIP 1.60x,743794.0,968842.0,225048.0,30.26,51
2020-05-06,2020-05-18,262.01,271.92,1.4,BUY DIP 1.40x,968842.0,1019838.0,50996.0,5.26,12
2020-05-18,2020-05-19,271.92,269.12,1.2,BUY DIP 1.20x,1019838.0,1007192.0,-12646.0,-1.24,1
2020-05-19,2020-05-20,269.12,273.7,0.95,HOLD 0.95x,1007192.0,1023431.0,16239.0,1.61,1
2020-05-20,2020-05-21,273.7,271.81,1.0,HOLD 1.00x,1023431.0,1016350.0,-7081.0,-0.69,1
2020-05-21,2020-06-11,271.81,277.09,0.95,HOLD 0.95x,1016350.0,1035213.0,18863.0,1.86,21
2020-06-11,2020-06-12,277.09,280.41,1.0,HOLD 1.00x,1035213.0,1047485.0,12272.0,1.19,1
2020-06-12,2020-06-16,280.41,288.47,1.4,BUY DIP 1.40x,1047485.0,1089706.0,42220.0,4.03,4
2020-06-16,2020-06-25,288.47,284.55,1.2,BUY DIP 1.20x,1089706.0,1071760.0,-17945.0,-1.65,9
2020-06-25,2020-06-26,284.55,277.79,1.4,BUY DIP 1.40x,1071760.0,1036060.0,-35700.0,-3.33,1
2020-06-26,2020-06-29,277.79,281.87,1.2,BUY DIP 1.20x,1036060.0,1054270.0,18210.0,1.76,3
2020-06-29,2020-07-01,281.87,287.48,1.4,BUY DIP 1.40x,1054270.0,1083636.0,29366.0,2.79,2
2020-07-01,2020-07-06,287.48,293.53,1.2,BUY DIP 1.20x,1083636.0,1110937.0,27301.0,2.52,5
2020-07-06,2020-07-15,293.53,297.97,1.0,HOLD 1.00x,1110937.0,1127739.0,16802.0,1.51,9
2020-07-15,2020-07-24,297.97,297.07,0.95,HOLD 0.95x,1127739.0,1124501.0,-3238.0,-0.29,9
2020-07-24,2020-07-30,297.07,299.92,1.0,HOLD 1.00x,1124501.0,1135278.0,10777.0,0.96,6
2020-07-30,2020-09-04,299.92,317.15,0.95,HOLD 0.95x,1135278.0,1197125.0,61847.0,5.45,36
2020-09-04,2020-09-09,317.15,314.58,1.2,BUY DIP 1.20x,1197125.0,1185241.0,-11884.0,-0.99,5
2020-09-09,2020-09-16,314.58,313.68,1.4,BUY DIP 1.40x,1185241.0,1180264.0,-4977.0,-0.42,7
2020-09-16,2020-09-17,313.68,310.92,1.2,BUY DIP 1.20x,1180264.0,1167737.0,-12527.0,-1.06,1
2020-09-17,2020-10-06,310.92,311.32,1.4,BUY DIP 1.40x,1167737.0,1169048.0,1311.0,0.11,19
2020-10-06,2020-10-07,311.32,316.74,1.2,BUY DIP 1.20x,1169048.0,1193396.0,24348.0,2.08,1
2020-10-07,2020-10-08,316.74,319.55,1.4,BUY DIP 1.40x,1193396.0,1208131.0,14735.0,1.23,1
2020-10-08,2020-10-12,319.55,327.59,1.2,BUY DIP 1.20x,1208131.0,1244575.0,36445.0,3.02,4
2020-10-12,2020-10-20,327.59,319.18,1.0,HOLD 1.00x,1244575.0,1212544.0,-32032.0,-2.57,8
2020-10-20,2020-10-26,319.18,315.47,1.2,BUY DIP 1.20x,1212544.0,1195527.0,-17016.0,-1.4,6
2020-10-26,2020-10-27,315.47,314.38,1.0,HOLD 1.00x,1195527.0,1191335.0,-4193.0,-0.35,1
2020-10-27,2020-10-28,314.38,303.64,1.2,BUY DIP 1.20x,1191335.0,1142404.0,-48931.0,-4.11,1
2020-10-28,2020-11-05,303.64,325.55,1.4,BUY DIP 1.40x,1142404.0,1258896.0,116493.0,10.2,8
2020-11-05,2020-11-06,325.55,325.48,1.2,BUY DIP 1.20x,1258896.0,1258476.0,-420.0,-0.03,1
2020-11-06,2020-11-10,325.48,329.09,1.0,HOLD 1.00x,1258476.0,1272402.0,13926.0,1.11,4
2020-11-10,2020-11-19,329.09,332.56,0.95,HOLD 0.95x,1272402.0,1285169.0,12768.0,1.0,9
2020-11-19,2020-11-25,332.56,337.1,1.0,HOLD 1.00x,1285169.0,1302679.0,17509.0,1.36,6
2020-11-25,2020-12-14,337.1,338.96,0.95,HOLD 0.95x,1302679.0,1309494.0,6815.0,0.52,19
2020-12-14,2020-12-16,338.96,344.08,1.0,HOLD 1.00x,1309494.0,1329260.0,19767.0,1.51,2
2020-12-16,2021-01-05,344.08,346.63,0.95,HOLD 0.95x,1329260.0,1338609.0,9348.0,0.7,20
2021-01-05,2021-01-06,346.63,348.7,1.0,HOLD 1.00x,1338609.0,1346591.0,7983.0,0.6,1
2021-01-06,2021-01-19,348.7,353.46,0.95,HOLD 0.95x,1346591.0,1364044.0,17453.0,1.3,13
2021-01-19,2021-01-20,353.46,358.35,1.0,HOLD 1.00x,1364044.0,1382900.0,18856.0,1.38,1
2021-01-20,2021-01-28,358.35,352.51,0.95,HOLD 0.95x,1382900.0,1361471.0,-21429.0,-1.55,8
2021-01-28,2021-02-01,352.51,351.2,1.0,HOLD 1.00x,1361471.0,1356343.0,-5128.0,-0.38,4
2021-02-01,2021-02-02,351.2,356.17,1.2,BUY DIP 1.20x,1356343.0,1379275.0,22932.0,1.69,1
2021-02-02,2021-02-03,356.17,356.45,1.0,HOLD 1.00x,1379275.0,1380338.0,1064.0,0.08,1
2021-02-03,2021-02-23,356.45,361.72,0.95,HOLD 0.95x,1380338.0,1399723.0,19385.0,1.4,20
2021-02-23,2021-02-25,361.72,356.9,1.0,HOLD 1.00x,1399723.0,1381027.0,-18696.0,-1.34,2
2021-02-25,2021-02-26,356.9,355.06,0.95,HOLD 0.95x,1381027.0,1374247.0,-6781.0,-0.49,1
2021-02-26,2021-03-01,355.06,363.66,1.0,HOLD 1.00x,1374247.0,1407474.0,33227.0,2.42,3
2021-03-01,2021-03-02,363.66,360.83,1.2,BUY DIP 1.20x,1407474.0,1394190.0,-13284.0,-0.94,1
2021-03-02,2021-03-03,360.83,356.05,0.95,HOLD 0.95x,1394190.0,1376626.0,-17564.0,-1.26,1
2021-03-03,2021-03-05,356.05,358.11,1.0,HOLD 1.00x,1376626.0,1384519.0,7894.0,0.57,2
2021-03-05,2021-03-08,358.11,356.33,1.2,BUY DIP 1.20x,1384519.0,1376165.0,-8354.0,-0.6,3
2021-03-08,2021-03-11,356.33,367.35,1.0,HOLD 1.00x,1376165.0,1418720.0,42556.0,3.09,3
2021-03-11,2021-03-19,367.35,364.76,0.95,HOLD 0.95x,1418720.0,1409205.0,-9516.0,-0.67,8
2021-03-19,2021-03-23,364.76,364.78,1.0,HOLD 1.00x,1409205.0,1409256.0,51.0,0.0,4
2021-03-23,2021-03-24,364.78,362.93,0.95,HOLD 0.95x,1409256.0,1402429.0,-6827.0,-0.48,1
2021-03-24,2021-03-29,362.93,370.66,1.0,HOLD 1.00x,1402429.0,1432301.0,29872.0,2.13,5
2021-03-29,2021-04-21,370.66,389.66,0.95,HOLD 0.95x,1432301.0,1501973.0,69672.0,4.86,23
2021-04-21,2021-04-22,389.66,386.1,1.0,HOLD 1.00x,1501973.0,1488233.0,-13740.0,-0.91,1
2021-04-22,2021-04-23,386.1,390.29,0.95,HOLD 0.95x,1488233.0,1503540.0,15307.0,1.03,1
2021-04-23,2021-04-26,390.29,391.11,1.0,HOLD 1.00x,1503540.0,1506656.0,3116.0,0.21,3
2021-04-26,2021-05-05,391.11,389.36,0.95,HOLD 0.95x,1506656.0,1500262.0,-6393.0,-0.42,9
2021-05-05,2021-05-07,389.36,395.33,1.0,HOLD 1.00x,1500262.0,1523226.0,22964.0,1.53,2
2021-05-07,2021-05-12,395.33,379.68,0.95,HOLD 0.95x,1523226.0,1465886.0,-57340.0,-3.76,5
2021-05-12,2021-05-13,379.68,384.24,1.0,HOLD 1.00x,1465886.0,1483406.0,17520.0,1.2,1
2021-05-13,2021-05-14,384.24,390.14,1.2,BUY DIP 1.20x,1483406.0,1510649.0,27243.0,1.84,1
2021-05-14,2021-05-25,390.14,391.7,1.0,HOLD 1.00x,1510649.0,1516646.0,5997.0,0.4,11
2021-05-25,2021-06-21,391.7,395.44,0.95,HOLD 0.95x,1516646.0,1530409.0,13763.0,0.91,27
2021-06-21,2021-06-22,395.44,397.55,1.0,HOLD 1.00x,1530409.0,1538568.0,8159.0,0.53,1
2021-06-22,2021-07-19,397.55,399.3,0.95,HOLD 0.95x,1538568.0,1544993.0,6426.0,0.42,27
2021-07-19,2021-07-22,399.3,409.16,1.0,HOLD 1.00x,1544993.0,1583107.0,38113.0,2.47,3
2021-07-22,2021-08-19,409.16,413.29,0.95,HOLD 0.95x,1583107.0,1598294.0,15187.0,0.96,28
2021-08-19,2021-08-23,413.29,420.24,1.0,HOLD 1.00x,1598294.0,1625159.0,26865.0,1.68,4
2021-08-23,2021-09-13,420.24,419.61,0.95,HOLD 0.95x,1625159.0,1622797.0,-2362.0,-0.15,21
2021-09-13,2021-09-21,419.61,408.74,1.0,HOLD 1.00x,1622797.0,1580692.0,-42105.0,-2.59,8
2021-09-21,2021-09-24,408.74,418.43,1.2,BUY DIP 1.20x,1580692.0,1625621.0,44929.0,2.84,3
2021-09-24,2021-09-29,418.43,409.52,1.0,HOLD 1.00x,1625621.0,1590883.0,-34738.0,-2.14,5
2021-09-29,2021-10-01,409.52,409.32,1.2,BUY DIP 1.20x,1590883.0,1589809.0,-1074.0,-0.07,2
2021-10-01,2021-10-04,409.32,404.04,1.4,BUY DIP 1.40x,1589809.0,1561012.0,-28797.0,-1.81,3
2021-10-04,2021-10-05,404.04,408.24,1.2,BUY DIP 1.20x,1561012.0,1580408.0,19396.0,1.24,1
2021-10-05,2021-10-06,408.24,409.94,1.4,BUY DIP 1.40x,1580408.0,1589508.0,9100.0,0.58,1
2021-10-06,2021-10-08,409.94,412.73,1.2,BUY DIP 1.20x,1589508.0,1602388.0,12880.0,0.81,2
2021-10-08,2021-10-11,412.73,409.74,1.0,HOLD 1.00x,1602388.0,1590692.0,-11696.0,-0.73,3
2021-10-11,2021-10-15,409.74,420.28,1.2,BUY DIP 1.20x,1590692.0,1639743.0,49052.0,3.08,4
2021-10-15,2021-10-20,420.28,426.45,1.0,HOLD 1.00x,1639743.0,1663770.0,24027.0,1.47,5
2021-10-20,2021-11-11,426.45,437.15,0.95,HOLD 0.95x,1663770.0,1703421.0,39651.0,2.38,22
2021-11-11,2021-11-15,437.15,440.6,1.0,HOLD 1.00x,1703421.0,1716839.0,13417.0,0.79,4
2021-11-15,2021-11-29,440.6,437.94,0.95,HOLD 0.95x,1716839.0,1706966.0,-9873.0,-0.58,14
2021-11-29,2021-12-01,437.94,424.64,1.0,HOLD 1.00x,1706966.0,1655062.0,-51904.0,-3.04,2
2021-12-01,2021-12-03,424.64,427.4,1.2,BUY DIP 1.20x,1655062.0,1667783.0,12720.0,0.77,2
2021-12-03,2021-12-06,427.4,432.46,1.0,HOLD 1.00x,1667783.0,1687433.0,19651.0,1.18,3
2021-12-06,2021-12-07,432.46,441.4,1.2,BUY DIP 1.20x,1687433.0,1729215.0,41781.0,2.48,1
2021-12-07,2021-12-08,441.4,442.57,1.0,HOLD 1.00x,1729215.0,1733768.0,4553.0,0.26,1
2021-12-08,2021-12-15,442.57,443.59,0.95,HOLD 0.95x,1733768.0,1737550.0,3783.0,0.22,7
2021-12-15,2021-12-16,443.59,439.68,1.0,HOLD 1.00x,1737550.0,1722202.0,-15348.0,-0.88,1
2021-12-16,2021-12-20,439.68,430.37,0.95,HOLD 0.95x,1722202.0,1687543.0,-34660.0,-2.01,4
2021-12-20,2021-12-21,430.37,438.02,1.0,HOLD 1.00x,1687543.0,1717409.0,29866.0,1.77,1
2021-12-21,2021-12-22,438.02,442.4,1.2,BUY DIP 1.20x,1717409.0,1737911.0,20502.0,1.19,1
2021-12-22,2021-12-23,442.4,445.15,1.0,HOLD 1.00x,1737911.0,1748698.0,10787.0,0.62,1
2021-12-23,2022-01-06,445.15,442.63,0.95,HOLD 0.95x,1748698.0,1739306.0,-9392.0,-0.54,14
2022-01-06,2022-01-19,442.63,427.32,1.0,HOLD 1.00x,1739306.0,1679028.0,-60278.0,-3.47,13
2022-01-19,2022-01-20,427.32,422.59,1.2,BUY DIP 1.20x,1679028.0,1656628.0,-22400.0,-1.33,1
2022-01-20,2022-02-03,422.59,422.45,1.4,BUY DIP 1.40x,1656628.0,1654722.0,-1907.0,-0.12,14
2022-02-03,2022-02-04,422.45,424.43,1.2,BUY DIP 1.20x,1654722.0,1663959.0,9237.0,0.56,1
2022-02-04,2022-02-10,424.43,425.02,1.4,BUY DIP 1.40x,1663959.0,1666790.0,2831.0,0.17,6
2022-02-10,2022-02-11,425.02,416.64,1.2,BUY DIP 1.20x,1666790.0,1627252.0,-39538.0,-2.37,1
2022-02-11,2022-02-23,416.64,399.13,1.4,BUY DIP 1.40x,1627252.0,1531710.0,-95542.0,-5.87,12
2022-02-23,2022-02-28,399.13,413.02,1.6,BUY DIP 1.60x,1531710.0,1617222.0,85511.0,5.58,5
2022-02-28,2022-03-08,413.02,393.74,1.4,BUY DIP 1.40x,1617222.0,1511759.0,-105463.0,-6.52,8
2022-03-08,2022-03-17,393.74,417.22,1.6,BUY DIP 1.60x,1511759.0,1656841.0,145082.0,9.6,9
2022-03-17,2022-03-23,417.22,421.1,1.4,BUY DIP 1.40x,1656841.0,1678190.0,21349.0,1.29,6
2022-03-23,2022-03-24,421.1,427.45,1.2,BUY DIP 1.20x,1678190.0,1708444.0,30255.0,1.8,1
2022-03-24,2022-03-25,427.45,429.54,1.4,BUY DIP 1.40x,1708444.0,1720022.0,11578.0,0.68,1
2022-03-25,2022-03-28,429.54,432.59,1.2,BUY DIP 1.20x,1720022.0,1734600.0,14578.0,0.85,3
2022-03-28,2022-03-30,432.59,435.24,1.0,HOLD 1.00x,1734600.0,1745188.0,10589.0,0.61,2
2022-03-30,2022-04-01,435.24,429.76,0.95,HOLD 0.95x,1745188.0,1724275.0,-20914.0,-1.2,2
2022-04-01,2022-04-07,429.76,425.82,1.0,HOLD 1.00x,1724275.0,1708373.0,-15902.0,-0.92,6
2022-04-07,2022-04-08,425.82,424.68,1.2,BUY DIP 1.20x,1708373.0,1702789.0,-5583.0,-0.33,1
2022-04-08,2022-04-11,424.68,417.42,1.0,HOLD 1.00x,1702789.0,1673584.0,-29205.0,-1.72,3
2022-04-11,2022-04-13,417.42,420.64,1.2,BUY DIP 1.20x,1673584.0,1688942.0,15357.0,0.92,2
2022-04-13,2022-04-14,420.64,415.4,1.4,BUY DIP 1.40x,1688942.0,1659399.0,-29542.0,-1.75,1
2022-04-14,2022-04-18,415.4,415.57,1.2,BUY DIP 1.20x,1659399.0,1660118.0,719.0,0.04,4
2022-04-18,2022-04-20,415.57,421.97,1.4,BUY DIP 1.40x,1660118.0,1695773.0,35654.0,2.15,2
2022-04-20,2022-04-22,421.97,404.25,1.2,BUY DIP 1.20x,1695773.0,1610412.0,-85361.0,-5.03,2
2022-04-22,2022-05-02,404.25,393.28,1.4,BUY DIP 1.40x,1610412.0,1548168.0,-62244.0,-3.87,10
2022-05-02,2022-05-04,393.28,407.12,1.6,BUY DIP 1.60x,1548168.0,1635412.0,87244.0,5.64,2
2022-05-04,2022-05-06,407.12,390.3,1.4,BUY DIP 1.40x,1635412.0,1540956.0,-94457.0,-5.78,2
2022-05-06,2022-06-03,390.3,389.54,1.6,BUY DIP 1.60x,1540956.0,1531453.0,-9503.0,-0.62,28
2022-06-03,2022-06-06,389.54,390.73,1.4,BUY DIP 1.40x,1531453.0,1537888.0,6435.0,0.42,3
2022-06-06,2022-06-08,390.73,390.19,1.6,BUY DIP 1.60x,1537888.0,1534236.0,-3652.0,-0.24,2
2022-06-08,2022-06-09,390.19,380.91,1.4,BUY DIP 1.40x,1534236.0,1483064.0,-51173.0,-3.34,1
2022-06-09,2022-07-08,380.91,370.39,1.6,BUY DIP 1.60x,1483064.0,1413669.0,-69395.0,-4.68,29
2022-07-08,2022-07-12,370.39,362.91,1.4,BUY DIP 1.40x,1413669.0,1373744.0,-39924.0,-2.82,4
2022-07-12,2022-07-18,362.91,363.98,1.6,BUY DIP 1.60x,1373744.0,1379829.0,6085.0,0.44,6
2022-07-18,2022-07-22,363.98,376.5,1.4,BUY DIP 1.40x,1379829.0,1446277.0,66448.0,4.82,4
2022-07-22,2022-07-27,376.5,382.17,1.2,BUY DIP 1.20x,1446277.0,1472225.0,25947.0,1.79,5
2022-07-27,2022-07-28,382.17,386.97,1.4,BUY DIP 1.40x,1472225.0,1497986.0,25762.0,1.75,1
2022-07-28,2022-07-29,386.97,392.61,1.2,BUY DIP 1.20x,1497986.0,1524102.0,26115.0,1.74,1
2022-07-29,2022-08-01,392.61,391.45,1.0,HOLD 1.00x,1524102.0,1519565.0,-4537.0,-0.3,3
2022-08-01,2022-08-02,391.45,388.86,0.95,HOLD 0.95x,1519565.0,1510019.0,-9546.0,-0.63,1
2022-08-02,2022-08-04,388.86,394.69,1.0,HOLD 1.00x,1510019.0,1532606.0,22587.0,1.5,2
2022-08-04,2022-08-10,394.69,400.23,0.95,HOLD 0.95x,1532606.0,1553052.0,20446.0,1.33,6
2022-08-10,2022-08-11,400.23,400.23,1.0,HOLD 1.00x,1553052.0,1553028.0,-23.0,-0.0,1
2022-08-11,2022-08-22,400.23,393.9,0.95,HOLD 0.95x,1553028.0,1529707.0,-23322.0,-1.5,11
2022-08-22,2022-08-23,393.9,392.95,1.0,HOLD 1.00x,1529707.0,1525914.0,-3792.0,-0.25,1
2022-08-23,2022-08-26,392.95,386.24,1.2,BUY DIP 1.20x,1525914.0,1494363.0,-31552.0,-2.07,3
2022-08-26,2022-08-29,386.24,383.69,1.0,HOLD 1.00x,1494363.0,1484304.0,-10059.0,-0.67,3
2022-08-29,2022-09-13,383.69,374.61,1.4,BUY DIP 1.40x,1484304.0,1434039.0,-50264.0,-3.39,15
2022-09-13,2022-09-14,374.61,376.04,1.2,BUY DIP 1.20x,1434039.0,1440519.0,6480.0,0.45,1
2022-09-14,2022-09-21,376.04,361.11,1.4,BUY DIP 1.40x,1440519.0,1360779.0,-79740.0,-5.54,7
2022-09-21,2022-10-31,361.11,369.55,1.6,BUY DIP 1.60x,1360779.0,1406591.0,45812.0,3.37,40
2022-10-31,2022-11-03,369.55,355.01,1.4,BUY DIP 1.40x,1406591.0,1329332.0,-77259.0,-5.49,3
2022-11-03,2022-11-07,355.01,363.56,1.6,BUY DIP 1.60x,1329332.0,1380677.0,51345.0,3.86,4
2022-11-07,2022-11-11,363.56,381.32,1.4,BUY DIP 1.40x,1380677.0,1474547.0,93870.0,6.8,4
2022-11-11,2022-11-14,381.32,378.08,1.2,BUY DIP 1.20x,1474547.0,1459407.0,-15140.0,-1.03,3
2022-11-14,2022-11-15,378.08,381.3,1.0,HOLD 1.00x,1459407.0,1471766.0,12359.0,0.85,1
2022-11-15,2022-11-16,381.3,378.39,1.2,BUY DIP 1.20x,1471766.0,1458205.0,-13561.0,-0.92,1
2022-11-16,2022-11-17,378.39,377.24,1.0,HOLD 1.00x,1458205.0,1453656.0,-4549.0,-0.31,1
2022-11-17,2022-11-22,377.24,382.65,1.2,BUY DIP 1.20x,1453656.0,1478587.0,24931.0,1.72,5
2022-11-22,2022-11-29,382.65,378.18,0.95,HOLD 0.95x,1478587.0,1462167.0,-16420.0,-1.11,7
2022-11-29,2022-12-01,378.18,389.81,1.0,HOLD 1.00x,1462167.0,1507094.0,44927.0,3.07,2
2022-12-01,2022-12-06,389.81,376.84,0.95,HOLD 0.95x,1507094.0,1459429.0,-47665.0,-3.16,5
2022-12-06,2022-12-07,376.84,376.2,1.0,HOLD 1.00x,1459429.0,1456859.0,-2570.0,-0.18,1
2022-12-07,2022-12-09,376.2,376.32,1.2,BUY DIP 1.20x,1456859.0,1457285.0,426.0,0.03,2
2022-12-09,2022-12-12,376.32,381.74,1.0,HOLD 1.00x,1457285.0,1478206.0,20922.0,1.44,3
2022-12-12,2022-12-13,381.74,384.63,1.2,BUY DIP 1.20x,1478206.0,1491544.0,13338.0,0.9,1
2022-12-13,2022-12-16,384.63,368.42,1.0,HOLD 1.00x,1491544.0,1428601.0,-62943.0,-4.22,3
2022-12-16,2022-12-19,368.42,365.3,1.2,BUY DIP 1.20x,1428601.0,1413979.0,-14622.0,-1.02,3
2022-12-19,2022-12-22,365.3,365.97,1.4,BUY DIP 1.40x,1413979.0,1417372.0,3393.0,0.24,3
2022-12-22,2022-12-23,365.97,368.08,1.2,BUY DIP 1.20x,1417372.0,1427070.0,9698.0,0.68,1
2022-12-23,2023-01-09,368.08,372.84,1.4,BUY DIP 1.40x,1427070.0,1452384.0,25314.0,1.77,17
2023-01-09,2023-01-12,372.84,381.58,1.2,BUY DIP 1.20x,1452384.0,1493242.0,40858.0,2.81,3
2023-01-12,2023-01-19,381.58,373.59,1.0,HOLD 1.00x,1493242.0,1461857.0,-31385.0,-2.1,7
2023-01-19,2023-01-23,373.59,385.11,1.2,BUY DIP 1.20x,1461857.0,1515964.0,54108.0,3.7,4
2023-01-23,2023-01-27,385.11,389.97,1.0,HOLD 1.00x,1515964.0,1535050.0,19086.0,1.26,4
2023-01-27,2023-01-31,389.97,390.74,0.95,HOLD 0.95x,1535050.0,1537916.0,2866.0,0.19,4
2023-01-31,2023-02-01,390.74,394.89,1.0,HOLD 1.00x,1537916.0,1554238.0,16321.0,1.06,1
2023-02-01,2023-02-06,394.89,393.96,0.95,HOLD 0.95x,1554238.0,1550741.0,-3496.0,-0.22,5
2023-02-06,2023-02-08,393.96,394.74,1.0,HOLD 1.00x,1550741.0,1553820.0,3079.0,0.2,2
2023-02-08,2023-02-09,394.74,391.32,0.95,HOLD 0.95x,1553820.0,1541001.0,-12820.0,-0.83,1
2023-02-09,2023-02-14,391.32,396.66,1.0,HOLD 1.00x,1541001.0,1561986.0,20986.0,1.36,5
2023-02-14,2023-02-17,396.66,391.48,0.95,HOLD 0.95x,1561986.0,1542617.0,-19369.0,-1.24,3
2023-02-17,2023-02-22,391.48,383.1,1.0,HOLD 1.00x,1542617.0,1509498.0,-33120.0,-2.15,5
2023-02-22,2023-03-02,383.1,382.4,1.2,BUY DIP 1.20x,1509498.0,1506046.0,-3452.0,-0.23,8
2023-03-02,2023-03-03,382.4,388.53,1.4,BUY DIP 1.40x,1506046.0,1539768.0,33723.0,2.24,1
2023-03-03,2023-03-07,388.53,382.84,1.2,BUY DIP 1.20x,1539768.0,1512611.0,-27157.0,-1.76,4
2023-03-07,2023-03-08,382.84,383.47,1.0,HOLD 1.00x,1512611.0,1514988.0,2378.0,0.16,1
2023-03-08,2023-03-10,383.47,370.96,1.2,BUY DIP 1.20x,1514988.0,1455708.0,-59280.0,-3.91,2
2023-03-10,2023-03-17,370.96,376.31,1.4,BUY DIP 1.40x,1455708.0,1484800.0,29092.0,2.0,7
2023-03-17,2023-03-20,376.31,379.93,1.2,BUY DIP 1.20x,1484800.0,1501842.0,17042.0,1.15,3
2023-03-20,2023-03-22,379.93,378.36,1.4,BUY DIP 1.40x,1501842.0,1492860.0,-8982.0,-0.6,2
2023-03-22,2023-03-23,378.36,379.38,1.2,BUY DIP 1.20x,1492860.0,1497613.0,4753.0,0.32,1
2023-03-23,2023-03-27,379.38,382.59,1.4,BUY DIP 1.40x,1497613.0,1515237.0,17624.0,1.18,4
2023-03-27,2023-03-31,382.59,395.03,1.2,BUY DIP 1.20x,1515237.0,1574409.0,59172.0,3.91,4
2023-03-31,2023-04-14,395.03,398.0,1.0,HOLD 1.00x,1574409.0,1586192.0,11782.0,0.75,14
2023-04-14,2023-04-26,398.0,390.18,0.95,HOLD 0.95x,1586192.0,1556573.0,-29619.0,-1.87,12
2023-04-26,2023-04-28,390.18,401.35,1.0,HOLD 1.00x,1556573.0,1601088.0,44514.0,2.86,2
2023-04-28,2023-05-03,401.35,393.71,0.95,HOLD 0.95x,1601088.0,1572130.0,-28957.0,-1.81,5
2023-05-03,2023-05-08,393.71,398.27,1.0,HOLD 1.00x,1572130.0,1590293.0,18163.0,1.16,5
2023-05-08,2023-05-10,398.27,398.37,0.95,HOLD 0.95x,1590293.0,1590673.0,380.0,0.02,2
2023-05-10,2023-05-11,398.37,397.68,1.0,HOLD 1.00x,1590673.0,1587875.0,-2798.0,-0.18,1
2023-05-11,2023-05-15,397.68,398.53,0.95,HOLD 0.95x,1587875.0,1591073.0,3198.0,0.2,4
2023-05-15,2023-05-16,398.53,395.86,1.0,HOLD 1.00x,1591073.0,1580417.0,-10656.0,-0.67,1
2023-05-16,2023-05-17,395.86,400.67,0.95,HOLD 0.95x,1580417.0,1598618.0,18201.0,1.15,1
2023-05-17,2023-05-18,400.67,404.53,1.0,HOLD 1.00x,1598618.0,1613994.0,15376.0,0.96,1
2023-05-18,2023-05-24,404.53,396.67,0.95,HOLD 0.95x,1613994.0,1584191.0,-29803.0,-1.85,6
2023-05-24,2023-05-30,396.67,405.45,1.0,HOLD 1.00x,1584191.0,1619196.0,35005.0,2.21,6
2023-05-30,2023-06-22,405.45,422.77,0.95,HOLD 0.95x,1619196.0,1684850.0,65654.0,4.05,23
2023-06-22,2023-06-30,422.77,429.32,1.0,HOLD 1.00x,1684850.0,1710955.0,26105.0,1.55,8
2023-06-30,2023-07-10,429.32,425.82,0.95,HOLD 0.95x,1710955.0,1697656.0,-13299.0,-0.78,10
2023-07-10,2023-07-11,425.82,428.53,1.0,HOLD 1.00x,1697656.0,1708442.0,10786.0,0.64,1
2023-07-11,2023-08-03,428.53,434.71,0.95,HOLD 0.95x,1708442.0,1731837.0,23394.0,1.37,23
2023-08-03,2023-08-16,434.71,425.8,1.0,HOLD 1.00x,1731837.0,1696237.0,-35600.0,-2.06,13
2023-08-16,2023-08-30,425.8,436.81,1.2,BUY DIP 1.20x,1696237.0,1748755.0,52517.0,3.1,14
2023-08-30,2023-09-21,436.81,419.28,1.0,HOLD 1.00x,1748755.0,1678479.0,-70276.0,-4.02,22
2023-09-21,2023-09-22,419.28,418.34,1.2,BUY DIP 1.20x,1678479.0,1673850.0,-4629.0,-0.28,1
2023-09-22,2023-10-11,418.34,424.07,1.4,BUY DIP 1.40x,1673850.0,1705606.0,31756.0,1.9,19
2023-10-11,2023-10-12,424.07,421.49,1.2,BUY DIP 1.20x,1705606.0,1693026.0,-12580.0,-0.74,1
2023-10-12,2023-10-13,421.49,419.39,1.0,HOLD 1.00x,1693026.0,1684492.0,-8534.0,-0.5,1
2023-10-13,2023-10-20,419.39,409.37,1.2,BUY DIP 1.20x,1684492.0,1636110.0,-48382.0,-2.87,7
2023-10-20,2023-11-03,409.37,422.49,1.4,BUY DIP 1.40x,1636110.0,1709333.0,73224.0,4.48,14
2023-11-03,2023-11-08,422.49,424.98,1.2,BUY DIP 1.20x,1709333.0,1721314.0,11981.0,0.7,5
2023-11-08,2023-11-10,424.98,428.24,1.0,HOLD 1.00x,1721314.0,1734438.0,13123.0,0.76,2
2023-11-10,2023-11-13,428.24,427.84,1.2,BUY DIP 1.20x,1734438.0,1732350.0,-2088.0,-0.12,3
2023-11-13,2023-11-15,427.84,437.06,1.0,HOLD 1.00x,1732350.0,1769671.0,37321.0,2.15,2
2023-11-15,2023-12-21,437.06,461.3,0.95,HOLD 0.95x,1769671.0,1862782.0,93111.0,5.26,36
2023-12-21,2023-12-22,461.3,462.22,1.0,HOLD 1.00x,1862782.0,1866497.0,3715.0,0.2,1
2023-12-22,2024-01-04,462.22,456.01,0.95,HOLD 0.95x,1866497.0,1842621.0,-23877.0,-1.28,13
2024-01-04,2024-01-09,456.01,462.45,1.0,HOLD 1.00x,1842621.0,1868619.0,25998.0,1.41,5
2024-01-09,2024-02-01,462.45,477.4,0.95,HOLD 0.95x,1868619.0,1925973.0,57354.0,3.07,23
2024-02-01,2024-02-02,477.4,482.42,1.0,HOLD 1.00x,1925973.0,1946219.0,20246.0,1.05,1
2024-02-02,2024-02-14,482.42,486.54,0.95,HOLD 0.95x,1946219.0,1961988.0,15769.0,0.81,12
2024-02-14,2024-02-15,486.54,489.9,1.0,HOLD 1.00x,1961988.0,1975496.0,13508.0,0.69,1
2024-02-15,2024-02-21,489.9,485.21,0.95,HOLD 0.95x,1975496.0,1957520.0,-17976.0,-0.91,6
2024-02-21,2024-02-22,485.21,495.26,1.0,HOLD 1.00x,1957520.0,1998002.0,40482.0,2.07,1
2024-02-22,2024-03-06,495.26,497.45,0.95,HOLD 0.95x,1998002.0,2006398.0,8396.0,0.42,13
2024-03-06,2024-03-07,497.45,502.39,1.0,HOLD 1.00x,2006398.0,2026284.0,19886.0,0.99,1
2024-03-07,2024-03-18,502.39,502.04,0.95,HOLD 0.95x,2026284.0,2024932.0,-1352.0,-0.07,11
2024-03-18,2024-03-19,502.04,504.83,1.0,HOLD 1.00x,2024932.0,2036154.0,11222.0,0.55,1
2024-03-19,2024-04-05,504.83,507.49,0.95,HOLD 0.95x,2036154.0,2046348.0,10193.0,0.5,17
2024-04-05,2024-04-08,507.49,507.78,1.0,HOLD 1.00x,2046348.0,2047462.0,1114.0,0.05,3
2024-04-08,2024-04-11,507.78,507.07,0.95,HOLD 0.95x,2047462.0,2044739.0,-2723.0,-0.13,3
2024-04-11,2024-04-12,507.07,500.07,1.0,HOLD 1.00x,2044739.0,2016485.0,-28254.0,-1.38,1
2024-04-12,2024-04-15,500.07,493.81,0.95,HOLD 0.95x,2016485.0,1992456.0,-24030.0,-1.19,3
2024-04-15,2024-04-16,493.81,492.91,1.0,HOLD 1.00x,1992456.0,1988702.0,-3753.0,-0.19,1
2024-04-16,2024-04-22,492.91,489.18,1.2,BUY DIP 1.20x,1988702.0,1970493.0,-18209.0,-0.92,6
2024-04-22,2024-04-23,489.18,494.98,1.4,BUY DIP 1.40x,1970493.0,2003109.0,32616.0,1.66,1
2024-04-23,2024-04-29,494.98,499.3,1.2,BUY DIP 1.20x,2003109.0,2023942.0,20833.0,1.04,6
2024-04-29,2024-05-01,499.3,489.8,1.0,HOLD 1.00x,2023942.0,1985293.0,-38649.0,-1.91,2
2024-05-01,2024-05-06,489.8,505.67,1.2,BUY DIP 1.20x,1985293.0,2062563.0,77270.0,3.89,5
2024-05-06,2024-05-10,505.67,509.85,1.0,HOLD 1.00x,2062563.0,2079581.0,17018.0,0.83,4
2024-05-10,2024-05-24,509.85,518.27,0.95,HOLD 0.95x,2079581.0,2112171.0,32590.0,1.57,14
2024-05-24,2024-05-28,518.27,518.63,1.0,HOLD 1.00x,2112171.0,2113615.0,1444.0,0.07,4
2024-05-28,2024-05-31,518.63,516.25,0.95,HOLD 0.95x,2113615.0,2104344.0,-9271.0,-0.44,3
2024-05-31,2024-06-03,516.25,516.67,1.0,HOLD 1.00x,2104344.0,2106028.0,1685.0,0.08,3
2024-06-03,2024-07-18,516.67,542.75,0.95,HOLD 0.95x,2106028.0,2206916.0,100887.0,4.79,45
2024-07-18,2024-07-25,542.75,528.75,1.0,HOLD 1.00x,2206916.0,2149883.0,-57033.0,-2.58,7
2024-07-25,2024-08-01,528.75,533.27,1.2,BUY DIP 1.20x,2149883.0,2171653.0,21771.0,1.01,7
2024-08-01,2024-08-02,533.27,523.34,1.0,HOLD 1.00x,2171653.0,2131093.0,-40561.0,-1.87,1
2024-08-02,2024-08-05,523.34,508.1,1.2,BUY DIP 1.20x,2131093.0,2056491.0,-74602.0,-3.5,3
2024-08-05,2024-08-14,508.1,534.0,1.4,BUY DIP 1.40x,2056491.0,2204003.0,147512.0,7.17,9
2024-08-14,2024-08-16,534.0,544.37,1.2,BUY DIP 1.20x,2204003.0,2255252.0,51249.0,2.33,2
2024-08-16,2024-08-20,544.37,548.68,1.0,HOLD 1.00x,2255252.0,2273079.0,17827.0,0.79,4
2024-08-20,2024-08-21,548.68,550.57,0.95,HOLD 0.95x,2273079.0,2280466.0,7386.0,0.32,1
2024-08-21,2024-08-22,550.57,546.24,1.0,HOLD 1.00x,2280466.0,2262534.0,-17932.0,-0.79,1
2024-08-22,2024-08-23,546.24,552.05,0.95,HOLD 0.95x,2262534.0,2285338.0,22804.0,1.01,1
2024-08-23,2024-08-26,552.05,550.73,1.0,HOLD 1.00x,2285338.0,2279856.0,-5482.0,-0.24,3
2024-08-26,2024-08-29,550.73,548.34,0.95,HOLD 0.95x,2279856.0,2270399.0,-9457.0,-0.41,3
2024-08-29,2024-09-03,548.34,542.18,1.0,HOLD 1.00x,2270399.0,2244870.0,-25529.0,-1.12,5
2024-09-03,2024-09-04,542.18,541.07,0.95,HOLD 0.95x,2244870.0,2240471.0,-4398.0,-0.2,1
2024-09-04,2024-09-09,541.07,536.61,1.0,HOLD 1.00x,2240471.0,2221876.0,-18596.0,-0.83,5
2024-09-09,2024-09-11,536.61,544.48,1.2,BUY DIP 1.20x,2221876.0,2260849.0,38974.0,1.75,2
2024-09-11,2024-09-16,544.48,552.75,1.0,HOLD 1.00x,2260849.0,2295151.0,34301.0,1.52,5
2024-09-16,2024-10-04,552.75,564.43,0.95,HOLD 0.95x,2295151.0,2341210.0,46059.0,2.01,18
2024-10-04,2024-10-07,564.43,559.33,1.0,HOLD 1.00x,2341210.0,2320009.0,-21200.0,-0.91,3
2024-10-07,2024-10-08,559.33,564.62,0.95,HOLD 0.95x,2320009.0,2340819.0,20809.0,0.9,1
2024-10-08,2024-10-09,564.62,568.53,1.0,HOLD 1.00x,2340819.0,2356997.0,16178.0,0.69,1
2024-10-09,2024-10-24,568.53,570.6,0.95,HOLD 0.95x,2356997.0,2365124.0,8128.0,0.34,15
2024-10-24,2024-10-25,570.6,570.4,1.0,HOLD 1.00x,2365124.0,2364272.0,-852.0,-0.04,1
2024-10-25,2024-11-01,570.4,562.52,0.95,HOLD 0.95x,2364272.0,2333219.0,-31053.0,-1.31,7
2024-11-01,2024-11-07,562.52,586.72,1.0,HOLD 1.00x,2333219.0,2433574.0,100355.0,4.3,6
2024-11-07,2024-11-18,586.72,579.37,0.95,HOLD 0.95x,2433574.0,2404587.0,-28987.0,-1.19,11
2024-11-18,2024-11-22,579.37,586.62,1.0,HOLD 1.00x,2404587.0,2434640.0,30053.0,1.25,4
2024-11-22,2024-12-19,586.62,577.35,0.95,HOLD 0.95x,2434640.0,2397967.0,-36673.0,-1.51,27
2024-12-19,2024-12-23,577.35,587.79,1.2,BUY DIP 1.20x,2397967.0,2449863.0,51895.0,2.16,4
2024-12-23,2024-12-26,587.79,594.36,1.0,HOLD 1.00x,2449863.0,2477221.0,27358.0,1.12,3
2024-12-26,2024-12-30,594.36,581.39,0.95,HOLD 0.95x,2477221.0,2425825.0,-51396.0,-2.07,4
2024-12-30,2025-01-02,581.39,577.85,1.0,HOLD 1.00x,2425825.0,2410916.0,-14908.0,-0.61,3
2025-01-02,2025-01-06,577.85,588.45,1.2,BUY DIP 1.20x,2410916.0,2463858.0,52942.0,2.2,4
2025-01-06,2025-01-13,588.45,574.64,1.0,HOLD 1.00x,2463858.0,2405900.0,-57958.0,-2.35,7
2025-01-13,2025-01-16,574.64,584.77,1.2,BUY DIP 1.20x,2405900.0,2456645.0,50745.0,2.11,3
2025-01-16,2025-01-22,584.77,599.4,1.0,HOLD 1.00x,2456645.0,2518061.0,61416.0,2.5,6
2025-01-22,2025-01-28,599.4,597.5,0.95,HOLD 0.95x,2518061.0,2510467.0,-7593.0,-0.3,6
2025-01-28,2025-01-29,597.5,594.82,1.0,HOLD 1.00x,2510467.0,2499176.0,-11292.0,-0.45,1
2025-01-29,2025-01-30,594.82,598.02,0.95,HOLD 0.95x,2499176.0,2511881.0,12705.0,0.51,1
2025-01-30,2025-01-31,598.02,594.83,1.0,HOLD 1.00x,2511881.0,2498475.0,-13406.0,-0.53,1
2025-01-31,2025-02-03,594.83,590.83,0.95,HOLD 0.95x,2498475.0,2482465.0,-16010.0,-0.64,3
2025-02-03,2025-02-06,590.83,599.28,1.0,HOLD 1.00x,2482465.0,2517934.0,35469.0,1.43,3
2025-02-06,2025-02-10,599.28,597.83,0.95,HOLD 0.95x,2517934.0,2512105.0,-5830.0,-0.23,4
2025-02-10,2025-02-11,597.83,598.28,1.0,HOLD 1.00x,2512105.0,2513977.0,1873.0,0.07,1
2025-02-11,2025-02-13,598.28,602.65,0.95,HOLD 0.95x,2513977.0,2531383.0,17405.0,0.69,2
2025-02-13,2025-02-14,602.65,602.62,1.0,HOLD 1.00x,2531383.0,2531220.0,-163.0,-0.01,1
2025-02-14,2025-02-24,602.62,590.28,0.95,HOLD 0.95x,2531220.0,2481918.0,-49303.0,-1.95,10
2025-02-24,2025-02-26,590.28,587.64,1.0,HOLD 1.00x,2481918.0,2470673.0,-11244.0,-0.45,2
2025-02-26,2025-03-05,587.64,576.29,1.2,BUY DIP 1.20x,2470673.0,2413082.0,-57591.0,-2.33,7
2025-03-05,2025-03-06,576.29,566.06,1.4,BUY DIP 1.40x,2413082.0,2352972.0,-60110.0,-2.49,1
2025-03-06,2025-03-07,566.06,569.24,1.2,BUY DIP 1.20x,2352972.0,2368656.0,15684.0,0.67,1
2025-03-07,2025-03-14,569.24,556.28,1.4,BUY DIP 1.40x,2368656.0,2292456.0,-76199.0,-3.22,7
2025-03-14,2025-03-17,556.28,560.57,1.6,BUY DIP 1.60x,2292456.0,2320602.0,28146.0,1.23,3
2025-03-17,2025-04-04,560.57,500.92,1.4,BUY DIP 1.40x,2320602.0,1978064.0,-342538.0,-14.76,18
2025-04-04,2025-04-28,500.92,546.09,1.6,BUY DIP 1.60x,1978064.0,2255242.0,277178.0,14.01,24
2025-04-28,2025-05-09,546.09,559.47,1.4,BUY DIP 1.40x,2255242.0,2332490.0,77248.0,3.43,11
2025-05-09,2025-05-13,559.47,581.77,1.2,BUY DIP 1.20x,2332490.0,2444023.0,111533.0,4.78,4
2025-05-13,2025-05-22,581.77,578.06,0.95,HOLD 0.95x,2444023.0,2429169.0,-14854.0,-0.61,9
2025-05-22,2025-05-28,578.06,582.66,1.0,HOLD 1.00x,2429169.0,2448463.0,19294.0,0.79,6
2025-05-28,2025-05-29,582.66,584.96,0.95,HOLD 0.95x,2448463.0,2457607.0,9145.0,0.37,1
2025-05-29,2025-05-30,584.96,584.3,1.0,HOLD 1.00x,2457607.0,2454822.0,-2786.0,-0.11,1
2025-05-30,2025-06-16,584.3,597.48,0.95,HOLD 0.95x,2454822.0,2507368.0,52546.0,2.14,17
2025-06-16,2025-06-17,597.48,592.37,1.0,HOLD 1.00x,2507368.0,2485905.0,-21463.0,-0.86,1
2025-06-17,2025-06-18,592.37,592.28,0.95,HOLD 0.95x,2485905.0,2485511.0,-393.0,-0.02,1
2025-06-18,2025-06-24,592.28,603.32,1.0,HOLD 1.00x,2485511.0,2531793.0,46282.0,1.86,6
2025-06-24,2025-08-04,603.32,627.57,0.95,HOLD 0.95x,2531793.0,2628399.0,96606.0,3.82,41
2025-08-04,2025-08-05,627.57,624.39,1.0,HOLD 1.00x,2628399.0,2615034.0,-13365.0,-0.51,1
2025-08-05,2025-08-06,624.39,629.17,0.95,HOLD 0.95x,2615034.0,2634023.0,18989.0,0.73,1
2025-08-06,2025-08-07,629.17,628.64,1.0,HOLD 1.00x,2634023.0,2631777.0,-2246.0,-0.09,1
2025-08-07,2025-08-21,628.64,631.93,0.95,HOLD 0.95x,2631777.0,2644801.0,13024.0,0.49,14
2025-08-21,2025-08-25,631.93,638.81,1.0,HOLD 1.00x,2644801.0,2673558.0,28757.0,1.09,4
2025-08-25,2025-09-03,638.81,640.07,0.95,HOLD 0.95x,2673558.0,2678548.0,4990.0,0.19,9
2025-09-03,2025-09-04,640.07,645.42,1.0,HOLD 1.00x,2678548.0,2700893.0,22345.0,0.83,1
2025-09-04,2025-09-26,645.42,659.87,0.95,HOLD 0.95x,2700893.0,2758293.0,57399.0,2.13,22
2025-09-26,2025-09-29,659.87,661.72,1.0,HOLD 1.00x,2758293.0,2766003.0,7710.0,0.28,3
2025-09-29,2025-10-13,661.72,661.09,0.95,HOLD 0.95x,2766003.0,2763499.0,-2504.0,-0.09,14
2025-10-13,2025-10-21,661.09,669.31,1.0,HOLD 1.00x,2763499.0,2797842.0,34343.0,1.24,8
2025-10-21,2025-10-31,669.31,680.05,0.95,HOLD 0.95x,2797842.0,2840454.0,42612.0,1.52,10
2025-10-31,2025-11-03,680.05,681.33,1.0,HOLD 1.00x,2840454.0,2845741.0,5288.0,0.19,3
2025-11-03,2025-11-05,681.33,675.58,0.95,HOLD 0.95x,2845741.0,2822917.0,-22825.0,-0.8,2
2025-11-05,2025-11-11,675.58,680.99,1.0,HOLD 1.00x,2822917.0,2845455.0,22538.0,0.8,6
2025-11-11,2025-11-14,680.99,669.95,0.95,HOLD 0.95x,2845455.0,2801601.0,-43854.0,-1.54,3
2025-11-14,2025-11-18,669.95,658.14,1.0,HOLD 1.00x,2801601.0,2752027.0,-49573.0,-1.77,4
2025-11-18,2025-11-21,658.14,657.09,1.2,BUY DIP 1.20x,2752027.0,2746494.0,-5533.0,-0.2,3
2025-11-21,2025-11-24,657.09,666.76,1.4,BUY DIP 1.40x,2746494.0,2802920.0,56426.0,2.05,3
2025-11-24,2025-11-25,666.76,673.03,1.2,BUY DIP 1.20x,2802920.0,2834387.0,31467.0,1.12,1
2025-11-25,2025-12-01,673.03,678.27,1.0,HOLD 1.00x,2834387.0,2856389.0,22002.0,0.78,6
2025-12-01,2025-12-02,678.27,679.52,0.95,HOLD 0.95x,2856389.0,2861372.0,4983.0,0.17,1
2025-12-02,2025-12-03,679.52,681.88,1.0,HOLD 1.00x,2861372.0,2871237.0,9865.0,0.34,1
2025-12-03,2025-12-15,681.88,678.72,0.95,HOLD 0.95x,2871237.0,2858602.0,-12636.0,-0.44,12
2025-12-15,2025-12-22,678.72,684.83,1.0,HOLD 1.00x,2858602.0,2884274.0,25672.0,0.9,7
2025-12-22,2026-01-02,684.83,683.17,0.95,HOLD 0.95x,2884274.0,2877595.0,-6678.0,-0.23,11
2026-01-02,2026-01-06,683.17,691.81,1.0,HOLD 1.00x,2877595.0,2913944.0,36349.0,1.26,4
2026-01-06,2026-01-21,691.81,685.4,0.95,HOLD 0.95x,2913944.0,2888291.0,-25654.0,-0.88,15
2026-01-21,2026-01-23,685.4,689.23,1.0,HOLD 1.00x,2888291.0,2904386.0,16096.0,0.56,2
2026-01-23,2026-02-05,689.23,677.62,0.95,HOLD 0.95x,2904386.0,2857869.0,-46518.0,-1.6,13
2026-02-05,2026-02-09,677.62,693.95,1.0,HOLD 1.00x,2857869.0,2926697.0,68828.0,2.41,4
2026-02-09,2026-02-13,693.95,681.75,0.95,HOLD 0.95x,2926697.0,2877769.0,-48928.0,-1.67,4
2026-02-13,2026-02-23,681.75,682.39,1.0,HOLD 1.00x,2877769.0,2880427.0,2658.0,0.09,10
2026-02-23,2026-02-24,682.39,687.35,0.95,HOLD 0.95x,2880427.0,2900273.0,19846.0,0.69,1
2026-02-24,2026-02-26,687.35,689.3,1.0,HOLD 1.00x,2900273.0,2908458.0,8184.0,0.28,2
2026-02-26,2026-03-02,689.3,686.38,0.95,HOLD 0.95x,2908458.0,2896710.0,-11748.0,-0.4,4
2026-03-02,2026-03-09,686.38,678.27,1.0,HOLD 1.00x,2896710.0,2862312.0,-34398.0,-1.19,7
2026-03-09,2026-03-10,678.27,677.18,1.2,BUY DIP 1.20x,2862312.0,2856621.0,-5691.0,-0.2,1
2026-03-10,2026-03-13,677.18,662.29,1.0,HOLD 1.00x,2856621.0,2793641.0,-62980.0,-2.2,3
2026-03-13,2026-03-17,662.29,670.79,1.2,BUY DIP 1.20x,2793641.0,2836684.0,43043.0,1.54,4
