trade_id,date,symbol,action,price,pnl
1,2000-06-26,ES,BUY_LONG,1471.6444872862432,0.0
2,2000-06-27,ES,SELL_LONG,1454.9827406341728,-0.16661746652070406
3,2000-07-26,GC,BUY_LONG,317.67448489144374,0.0
4,2000-07-28,GC,SELL_LONG,315.0576392263367,-0.02616845665107064
5,2000-08-01,GC,BUY_LONG,318.7276769180823,0.0
6,2000-08-02,GC,SELL_LONG,315.4482532935018,-0.03279423624580488
7,2000-08-22,ES,BUY_LONG,1473.075116500703,0.0
8,2000-08-28,ES,SELL_LONG,1476.168652762572,0.030935362618690763
9,2000-09-06,ES,BUY_LONG,1517.6662346318274,0.0
10,2000-09-07,ES,SELL_LONG,1513.6105675375882,-0.04055667094239197
11,2000-09-08,ES,BUY_LONG,1564.6152247983748,0.0
12,2000-09-13,ES,SELL_LONG,1542.664843035822,-0.2195038176255275
13,2000-10-20,ES,BUY_LONG,1626.2116451512547,0.0
14,2000-11-07,ES,SELL_LONG,1691.6948177494507,0.65483172598196
15,2000-11-08,ES,BUY_LONG,1706.5367073383013,0.0
16,2000-11-09,ES,SELL_LONG,1674.6654416281335,-0.3187126571016779
17,2000-12-07,ZN,SELL_SHORT,95.82945489967713,0.0
18,2000-12-14,ZN,COVER_SHORT,95.46544173015036,0.0036401316952677123
19,2000-12-21,ES,BUY_LONG,1748.8100568650343,0.0
20,2000-12-22,ES,SELL_LONG,1718.0727175956802,-0.3073733926935415
21,2001-01-08,GC,BUY_LONG,308.6007784824712,0.0
22,2001-01-09,GC,SELL_LONG,306.9645229378128,-0.01636255544658411
23,2001-01-22,GC,BUY_LONG,319.1799737947608,0.0
24,2001-01-24,GC,SELL_LONG,318.6210868133216,-0.0055888698143922964
25,2001-03-14,ES,BUY_LONG,1778.231589678938,0.0
26,2001-04-02,ES,SELL_LONG,1843.2699961805806,0.6503840650164261
27,2001-04-04,ES,BUY_LONG,1888.7938466342566,0.0
28,2001-04-09,GC,SELL_SHORT,302.0854159503564,0.0
29,2001-04-10,ES,SELL_LONG,1900.3802907107981,0.11586444076541512
30,2001-04-10,GC,COVER_SHORT,307.3446180912546,-0.05259202140898196
31,2001-04-20,GC,SELL_SHORT,298.56200377153885,0.0
32,2001-04-23,GC,COVER_SHORT,298.20076277408606,0.0036124099745279636
33,2001-04-25,GC,SELL_SHORT,296.28313965797963,0.0
34,2001-05-14,GC,COVER_SHORT,283.026905786704,0.1325623387127564
35,2001-06-08,ES,BUY_LONG,1988.7080022490043,0.0
36,2001-06-20,ES,SELL_LONG,1951.8290298160462,-0.36878972432958107
37,2001-08-13,ES,BUY_LONG,2096.637278004915,0.0
38,2001-08-14,GC,BUY_LONG,283.253128367221,0.0
39,2001-08-15,GC,SELL_LONG,280.3456054849766,-0.029075228822443934
40,2001-08-27,ES,SELL_LONG,2166.8811611053134,0.7024388310039831
41,2001-10-03,ES,SELL_SHORT,1991.3175624704368,0.0
42,2001-10-08,ES,COVER_SHORT,1999.4154974352555,-0.08097934964818705
43,2001-10-23,GC,SELL_SHORT,261.40096455311755,0.0
44,2001-10-24,ES,SELL_SHORT,1903.183144186105,0.0
45,2001-10-24,GC,COVER_SHORT,263.00616389339643,-0.016051993402788865
46,2001-10-25,ES,COVER_SHORT,1935.625082973892,-0.32441938787786967
47,2001-10-25,GC,SELL_SHORT,259.5320730338964,0.0
48,2001-10-30,GC,COVER_SHORT,261.1864314189259,-0.016543583850295248
49,2002-01-07,ES,SELL_SHORT,1887.5060629283257,0.0
50,2002-01-28,ES,COVER_SHORT,1780.6095547197465,1.0689650820857923
51,2002-03-11,GC,BUY_LONG,271.30283660988465,0.0
52,2002-03-12,GC,SELL_LONG,270.60832493511083,-0.006945116747738212
53,2002-03-13,GC,BUY_LONG,272.91511909673443,0.0
54,2002-03-14,GC,SELL_LONG,271.41712129541173,-0.01497997801322697
55,2002-03-25,GC,BUY_LONG,275.61042140247423,0.0
56,2002-03-26,GC,SELL_LONG,275.004602696137,-0.006058187063372316
57,2002-03-27,GC,BUY_LONG,276.87710274149146,0.0
58,2002-03-28,GC,SELL_LONG,270.5304963052488,-0.06346606436242666
59,2002-04-29,ES,BUY_LONG,1880.4853927882846,0.0
60,2002-04-30,ES,SELL_LONG,1863.477676976659,-0.17007715811625532
61,2002-05-08,GC,SELL_SHORT,253.8878603015567,0.0
62,2002-05-09,GC,COVER_SHORT,256.132566849597,-0.022447065480403126
63,2002-05-15,ES,BUY_LONG,1904.6099459413763,0.0
64,2002-05-20,ES,SELL_LONG,1903.7968998527958,-0.008130460885804497
65,2002-05-22,ES,BUY_LONG,1959.1136952649374,0.0
66,2002-06-03,ES,SELL_LONG,1980.4529622620162,0.21339266997078768
67,2002-07-22,GC,BUY_LONG,270.08186018158625,0.0
68,2002-07-23,GC,SELL_LONG,268.857862720706,-0.012239974608802414
69,2002-07-24,GC,BUY_LONG,271.747155318775,0.0
70,2002-07-25,GC,SELL_LONG,270.1810361577987,-0.015661191609763137
71,2002-07-26,GC,BUY_LONG,273.69564513601546,0.0
72,2002-08-02,ES,SELL_SHORT,1816.5759242647864,0.0
73,2002-08-02,GC,SELL_LONG,275.3350019129106,0.0163935677689517
74,2002-08-06,GC,BUY_LONG,279.3142247644794,0.0
75,2002-08-07,ES,COVER_SHORT,1814.6995262528021,0.018763980119842927
76,2002-08-07,GC,SELL_LONG,278.1336578533817,-0.01180566911097685
77,2002-08-08,GC,BUY_LONG,283.13256500330954,0.0
78,2002-08-13,GC,SELL_LONG,282.9231526265925,-0.0020941237671701176
79,2002-09-19,GC,BUY_LONG,291.9384947075383,0.0
80,2002-09-27,GC,SELL_LONG,293.38944408588037,0.014509493783420454
81,2002-10-24,ES,SELL_SHORT,1740.906935919799,0.0
82,2002-10-25,ES,COVER_SHORT,1762.892758573475,-0.21985822653675996
83,2002-11-18,ES,SELL_SHORT,1705.0637893764435,0.0
84,2002-11-18,GC,SELL_SHORT,274.7971463666841,0.0
85,2002-11-19,GC,COVER_SHORT,275.5399096268945,-0.007427632602103813
86,2002-11-20,GC,SELL_SHORT,273.80635596881854,0.0
87,2002-11-25,ES,COVER_SHORT,1715.1685034430232,-0.10104714066579618
88,2002-11-26,GC,COVER_SHORT,274.1623902128399,-0.0035603424402137307
89,2002-11-28,GC,SELL_SHORT,271.2035103985736,0.0
90,2002-11-29,GC,COVER_SHORT,271.2678231897163,-0.0006431279114269728
91,2002-12-04,GC,SELL_SHORT,263.17318648474827,0.0
92,2002-12-13,GC,COVER_SHORT,260.33893171597396,0.02834254768774315
93,2002-12-20,ES,BUY_LONG,1901.324475758144,0.0
94,2002-12-24,ES,SELL_LONG,1850.3640306772863,-0.5096044508085765
95,2003-01-08,ES,BUY_LONG,1923.9277454839726,0.0
96,2003-01-08,ZN,BUY_LONG,112.01343002520741,0.0
97,2003-01-09,ES,SELL_LONG,1922.6930023122761,-0.012347431716964365
98,2003-01-20,ZN,SELL_LONG,113.68393952985234,0.01670509504644926
99,2003-01-27,GC,SELL_SHORT,247.13831327327543,0.0
100,2003-02-17,GC,COVER_SHORT,235.54769253637187,0.1159062073690356
101,2003-02-25,ES,BUY_LONG,1978.158443162626,0.0
102,2003-03-10,ES,SELL_LONG,2028.7444681393274,0.5058602497670132
103,2003-04-02,ES,BUY_LONG,2088.101201808941,0.0
104,2003-04-03,ES,SELL_LONG,2072.596682943452,-0.1550451886548899
105,2003-05-02,ES,BUY_LONG,2176.614016236807,0.0
106,2003-05-06,ES,SELL_LONG,2152.150408115994,-0.24463608120812752
107,2003-05-19,ES,BUY_LONG,2236.56826160733,0.0
108,2003-05-21,ES,SELL_LONG,2210.235269081682,-0.26332992525648025
109,2003-05-22,ES,BUY_LONG,2238.551258403547,0.0
110,2003-05-23,GC,SELL_SHORT,217.32162890463516,0.0
111,2003-05-30,GC,COVER_SHORT,219.432570832009,-0.021109419273738297
112,2003-06-24,ES,SELL_LONG,2553.200616851775,3.146493584482282
113,2003-06-27,ES,BUY_LONG,2666.075725841863,0.0
114,2003-07-15,ES,SELL_LONG,2754.2417773137854,0.881660514719224
115,2003-09-10,ES,BUY_LONG,2831.7810734241316,0.0
116,2003-09-15,GC,SELL_SHORT,208.95832806146927,0.0
117,2003-09-22,ES,SELL_LONG,2899.676344799227,0.6789527137509549
118,2003-10-03,GC,COVER_SHORT,196.64275531713687,0.123155727443324
119,2003-11-20,ES,BUY_LONG,2955.120610936956,0.0
120,2003-11-27,ES,SELL_LONG,2975.10147362735,0.19980862690394133
121,2003-12-01,ES,BUY_LONG,3010.307293493375,0.0
122,2003-12-02,ES,SELL_LONG,2990.2522977590793,-0.20054995734295517
123,2003-12-04,ES,BUY_LONG,3068.4506304211873,0.0
124,2003-12-15,ES,SELL_LONG,3134.3937046563874,0.6594307423520013
125,2004-01-06,ES,BUY_LONG,3247.154758069287,0.0
126,2004-01-07,ES,SELL_LONG,3186.943949222651,-0.602108088466357
127,2004-01-09,ES,BUY_LONG,3299.4046015145186,0.0
128,2004-01-12,ES,SELL_LONG,3275.3845301876545,-0.24020071326864126
129,2004-01-13,ES,BUY_LONG,3291.636700373908,0.0
130,2004-01-16,ES,SELL_LONG,3301.700715248334,0.10064014874425993
131,2004-03-09,GC,SELL_SHORT,185.2801908128687,0.0
132,2004-03-11,GC,COVER_SHORT,186.03080232788892,-0.007506115150202107
133,2004-03-12,ES,BUY_LONG,3345.140394594169,0.0
134,2004-03-12,GC,SELL_SHORT,185.95757658582707,0.0
135,2004-03-15,GC,COVER_SHORT,186.63593249681895,-0.006783559109918826
136,2004-03-17,ES,SELL_LONG,3267.7617789596497,-0.7737861563451907
137,2004-04-13,ES,BUY_LONG,3548.1128453957026,0.0
138,2004-04-29,ES,SELL_LONG,3684.9632492034625,1.368504038077599
139,2004-05-05,ES,BUY_LONG,3808.706279545866,0.0
140,2004-05-25,ES,SELL_LONG,3923.150899812935,1.1444462026706925
141,2004-06-24,ES,BUY_LONG,4028.207777211804,0.0
142,2004-06-29,ZN,BUY_LONG,108.77307497983237,0.0
143,2004-06-30,ZN,SELL_LONG,108.83795242481635,0.0006487744498397774
144,2004-07-02,ES,SELL_LONG,4090.6165493783633,0.6240877216655918
145,2004-07-09,GC,SELL_SHORT,188.78476607849692,0.0
146,2004-07-14,GC,COVER_SHORT,188.39025178894505,0.003945142895518643
147,2004-07-20,GC,SELL_SHORT,183.0999299900957,0.0
148,2004-07-22,GC,COVER_SHORT,185.4737319031105,-0.02373801913014802
149,2004-07-30,ES,SELL_SHORT,3730.0902865569956,0.0
150,2004-08-04,ES,COVER_SHORT,3776.1779040576225,-0.4608761750062695
151,2004-09-08,ZN,SELL_SHORT,101.92856801259866,0.0
152,2004-09-13,ZN,COVER_SHORT,101.96657770522432,-0.00038009692625664117
153,2004-09-27,ES,BUY_LONG,4062.36059983861,0.0
154,2004-10-07,ES,SELL_LONG,4125.026283519514,0.6266568368090429
155,2004-11-10,GC,BUY_LONG,207.1197907086072,0.0
156,2004-11-11,GC,SELL_LONG,206.1406049586978,-0.009791857499094192
157,2004-12-01,ES,BUY_LONG,4176.6860047001755,0.0
158,2004-12-03,ES,SELL_LONG,4186.925377788753,0.1023937308857785
159,2005-01-12,ES,BUY_LONG,4302.0122201274025,0.0
160,2005-01-17,ES,SELL_LONG,4266.350558821192,-0.3566166130621059
161,2005-02-25,ES,BUY_LONG,4326.162711534585,0.0
162,2005-02-28,ES,SELL_LONG,4250.608561682865,-0.7555414985171955
163,2005-03-10,ES,SELL_SHORT,4015.129146486127,0.0
164,2005-03-25,ES,COVER_SHORT,3848.7320270059513,1.6639711948017566
165,2005-03-25,GC,SELL_SHORT,195.87038904864605,0.0
166,2005-04-07,ES,SELL_SHORT,3679.648033478805,0.0
167,2005-04-08,ES,COVER_SHORT,3745.9346120368036,-0.6628657855799884
168,2005-04-12,GC,COVER_SHORT,187.87179275669075,0.07998596291955294
169,2005-05-09,ES,BUY_LONG,4143.622680172585,0.0
170,2005-05-10,ES,SELL_LONG,4077.992908784871,-0.656297713877143
171,2005-06-02,ES,BUY_LONG,4356.232224710923,0.0
172,2005-06-14,ZN,BUY_LONG,108.17094986840368,0.0
173,2005-06-16,ZN,SELL_LONG,107.41232942510617,-0.007586204432975165
174,2005-06-17,ES,SELL_LONG,4472.306516779338,1.1607429206841517
175,2005-06-20,ZN,BUY_LONG,108.53901590994617,0.0
176,2005-06-21,ZN,SELL_LONG,108.65040052389136,0.0011138461394519083
177,2005-07-05,GC,BUY_LONG,198.92185713524373,0.0
178,2005-07-06,GC,SELL_LONG,197.55791551153047,-0.013639416237132593
179,2005-07-11,ES,BUY_LONG,4665.186526180909,0.0
180,2005-07-14,ES,SELL_LONG,4671.21766327718,0.06031137096270868
181,2005-07-15,ES,BUY_LONG,4694.614659864925,0.0
182,2005-07-18,ES,SELL_LONG,4658.994964348669,-0.3561969551625589
183,2005-07-21,ES,BUY_LONG,4734.859799925918,0.0
184,2005-07-22,ES,SELL_LONG,4737.015877838338,0.021560779124201873
185,2005-07-26,ES,BUY_LONG,4854.66428620133,0.0
186,2005-07-26,GC,BUY_LONG,207.83839910343002,0.0
187,2005-07-27,GC,SELL_LONG,207.49413676417322,-0.0034426233925680095
188,2005-08-04,ZN,BUY_LONG,111.17062384938505,0.0
189,2005-08-05,ZN,SELL_LONG,110.65975596290332,-0.005108678864817335
190,2005-08-10,ES,SELL_LONG,5054.171940511496,1.995076543101668
191,2005-09-26,ES,BUY_LONG,5359.761327452156,0.0
192,2005-10-10,ES,SELL_LONG,5578.63001477528,2.188686873231236
193,2005-10-11,ES,BUY_LONG,5620.945445835582,0.0
194,2005-10-17,ES,SELL_LONG,5696.5146066334955,0.7556916079791336
195,2005-11-02,GC,BUY_LONG,216.38740516328832,0.0
196,2005-11-07,GC,SELL_LONG,216.20857962744083,-0.0017882553584749417
197,2005-11-09,ES,BUY_LONG,5949.493674018994,0.0
198,2005-11-10,ES,SELL_LONG,5909.965099505988,-0.3952857451300588
199,2005-12-12,GC,BUY_LONG,217.63648789706977,0.0
200,2005-12-14,GC,SELL_LONG,216.91377356212823,-0.007227143349415428
201,2005-12-15,GC,BUY_LONG,219.09172961926066,0.0
202,2005-12-26,GC,SELL_LONG,222.0169678715991,0.029252382523384312
203,2005-12-28,ES,SELL_SHORT,5205.496973627042,0.0
204,2005-12-29,ES,COVER_SHORT,5256.806548438921,-0.5130957481187852
205,2006-01-12,ES,SELL_SHORT,5056.1701623431345,0.0
206,2006-01-24,ES,COVER_SHORT,5010.9544937410765,0.45215668602058035
207,2006-01-25,ES,SELL_SHORT,4946.283828103731,0.0
208,2006-01-26,ES,COVER_SHORT,4945.987842423369,0.002959856803618095
209,2006-02-07,ES,SELL_SHORT,4695.166197781808,0.0
210,2006-02-15,ES,COVER_SHORT,4708.960983692006,-0.13794785910198698
211,2006-02-27,ES,SELL_SHORT,4546.282176521023,0.0
212,2006-02-28,ES,COVER_SHORT,4549.338504112112,-0.030563275910890298
213,2006-03-08,GC,BUY_LONG,226.26721651628213,0.0
214,2006-03-09,GC,SELL_LONG,225.98549175324908,-0.002817247630330542
215,2006-03-10,GC,BUY_LONG,227.3585672750627,0.0
216,2006-03-16,GC,SELL_LONG,228.54158212294448,0.011830148478817649
217,2006-04-28,ES,BUY_LONG,5141.374433918976,0.0
218,2006-05-02,ZN,BUY_LONG,118.55075685444913,0.0
219,2006-05-03,ZN,SELL_LONG,118.25792879860285,-0.002928280558462859
220,2006-05-09,GC,SELL_SHORT,215.42801101383313,0.0
221,2006-05-11,ES,SELL_LONG,5182.830801920669,0.41456368001692684
222,2006-05-12,ES,BUY_LONG,5250.009764951947,0.0
223,2006-05-17,ES,SELL_LONG,5179.7471186627035,-0.7026264628924309
224,2006-05-22,GC,COVER_SHORT,211.25403702152684,0.041739739923062874
225,2006-07-18,ES,BUY_LONG,5473.105947058381,0.0
226,2006-07-26,ES,SELL_LONG,5453.879859527586,-0.19226087530795666
227,2006-08-18,ES,BUY_LONG,5828.580416092464,0.0
228,2006-08-23,ES,SELL_LONG,5790.780279000785,-0.37800137091678154
229,2006-08-25,ES,BUY_LONG,5827.73368288538,0.0
230,2006-08-28,ES,SELL_LONG,5716.932948924298,-1.1080073396108219
231,2006-09-29,ES,BUY_LONG,6069.970845022686,0.0
232,2006-10-05,ES,SELL_LONG,6137.518578131338,0.675477331086513
233,2006-10-10,ES,BUY_LONG,6221.432114335653,0.0
234,2006-10-11,ES,SELL_LONG,6209.556609514481,-0.1187550482117149
235,2006-10-13,ES,BUY_LONG,6262.539514903866,0.0
236,2006-10-20,ES,SELL_LONG,6311.689990879446,0.49150475975579866
237,2006-10-23,GC,BUY_LONG,230.81481026298655,0.0
238,2006-10-25,GC,SELL_LONG,229.2325472681365,-0.01582262994850055
239,2006-12-04,ES,SELL_SHORT,5520.638343350351,0.0
240,2006-12-06,ES,COVER_SHORT,5574.506067175923,-0.5386772382557229
241,2006-12-07,ES,SELL_SHORT,5470.824996993244,0.0
242,2006-12-08,ES,COVER_SHORT,5531.006946592866,-0.6018194959962239
243,2006-12-11,ES,SELL_SHORT,5500.137843228293,0.0
244,2006-12-12,ES,COVER_SHORT,5510.93704033826,-0.10799197109967282
245,2006-12-22,ES,SELL_SHORT,5342.5088967292895,0.0
246,2006-12-26,ES,COVER_SHORT,5341.1581553179685,0.013507414113209961
247,2006-12-28,ES,SELL_SHORT,5287.4929430468155,0.0
248,2006-12-28,GC,BUY_LONG,230.6538017003743,0.0
249,2006-12-29,ES,COVER_SHORT,5299.264650729761,-0.11771707682945817
250,2006-12-29,GC,SELL_LONG,230.43163569602245,-0.002221660043518341
251,2007-01-02,ES,SELL_SHORT,5260.292137480216,0.0
252,2007-01-03,ES,COVER_SHORT,5351.183509698793,-0.9089137221857709
253,2007-02-09,GC,BUY_LONG,235.46967842959458,0.0
254,2007-02-14,GC,SELL_LONG,236.2232316521308,0.00753553222536226
255,2007-04-23,ES,BUY_LONG,5706.8982096756245,0.0
256,2007-04-24,ES,SELL_LONG,5601.448032360202,-1.0545017731542248
257,2007-05-03,ES,BUY_LONG,5809.675269335422,0.0
258,2007-05-04,ES,SELL_LONG,5686.596899746477,-1.2307836958894496
259,2007-05-28,GC,BUY_LONG,255.96055516344344,0.0
260,2007-05-29,GC,SELL_LONG,251.38872365236267,-0.04571831511080774
261,2007-05-31,GC,BUY_LONG,257.22059648950415,0.0
262,2007-06-01,GC,SELL_LONG,255.98245449996872,-0.012381419895354214
263,2007-07-13,ES,BUY_LONG,5950.19636526776,0.0
264,2007-07-17,ES,SELL_LONG,5944.8846596033045,-0.053117056644550756
265,2007-07-20,ES,BUY_LONG,6004.938362430608,0.0
266,2007-07-24,ES,SELL_LONG,5840.522185429411,-1.6441617700119695
267,2007-08-22,ES,BUY_LONG,6248.379709636338,0.0
268,2007-08-31,ES,SELL_LONG,6280.720008642734,0.32340299006395984
269,2007-09-27,ES,SELL_SHORT,5734.676481280138,0.0
270,2007-10-02,ES,COVER_SHORT,5676.347339187615,0.583291420925234
271,2007-10-04,GC,SELL_SHORT,241.59620496844917,0.0
272,2007-10-05,ES,SELL_SHORT,5481.045482690591,0.0
273,2007-10-05,GC,COVER_SHORT,245.38253608929173,-0.037863311208425614
274,2007-10-09,ES,COVER_SHORT,5615.373998413056,-1.3432851572246545
275,2007-11-16,ES,SELL_SHORT,5645.0373397611465,0.0
276,2007-11-16,GC,BUY_LONG,263.96976356815236,0.0
277,2007-11-19,GC,SELL_LONG,263.87825954875603,-0.0009150401939632502
278,2007-11-21,ES,COVER_SHORT,5619.955454395677,0.25081885365469136
279,2007-11-22,GC,BUY_LONG,267.78845605361903,0.0
280,2007-11-23,GC,SELL_LONG,268.5178166361685,0.007293605825494751
281,2007-11-29,GC,BUY_LONG,271.74922127623466,0.0
282,2007-12-27,GC,SELL_LONG,302.40931624827215,0.3066009497203748
283,2008-02-06,GC,BUY_LONG,325.25087018400643,0.0
284,2008-02-14,ES,SELL_SHORT,5296.244142201792,0.0
285,2008-02-18,ES,COVER_SHORT,5441.512029453997,-1.4526788725220467
286,2008-02-18,GC,SELL_LONG,329.2584813250608,0.04007611141054383
287,2008-06-24,GC,BUY_LONG,327.8901378300767,0.0
288,2008-06-25,GC,SELL_LONG,327.58841246641805,-0.0030172536365864746
289,2008-06-26,GC,BUY_LONG,331.5504921797991,0.0
290,2008-06-27,GC,SELL_LONG,327.9412189713953,-0.036092732084038064
291,2008-07-15,ES,BUY_LONG,5934.278242916165,0.0
292,2008-07-16,ES,SELL_LONG,5892.853394176911,-0.41424848739254233
293,2008-08-12,GC,SELL_SHORT,305.06195111684974,0.0
294,2008-08-19,GC,COVER_SHORT,301.72298029722634,0.033389708196233985
295,2008-09-22,ES,SELL_SHORT,5491.930086101716,0.0
296,2008-09-23,ES,COVER_SHORT,5537.993422726072,-0.46063336624355544
297,2008-09-24,ES,SELL_SHORT,5463.265613421082,0.0
298,2008-09-25,ES,COVER_SHORT,5508.225159570336,-0.4495954614925358
299,2008-09-29,ES,SELL_SHORT,5427.528498103619,0.0
300,2008-10-01,ES,COVER_SHORT,5463.4606652547845,-0.35932167151165234
301,2008-10-01,GC,BUY_LONG,326.3866654486151,0.0
302,2008-10-02,ES,SELL_SHORT,5400.591173101416,0.0
303,2008-10-06,ES,COVER_SHORT,5402.599916113785,-0.020087430123694502
304,2008-10-13,GC,SELL_LONG,330.99279138252484,0.04606125933909766
305,2008-11-03,ES,BUY_LONG,6045.53643278544,0.0
306,2008-11-03,GC,BUY_LONG,345.01304201749866,0.0
307,2008-11-12,GC,SELL_LONG,342.09861844685946,-0.029144235706392012
308,2008-11-21,ES,SELL_LONG,6337.634980834324,2.9209854804888344
309,2008-11-27,ES,BUY_LONG,6602.93405374245,0.0
310,2008-12-02,ES,SELL_LONG,6573.007175689493,-0.29926878052956457
311,2008-12-24,GC,BUY_LONG,363.072171474284,0.0
312,2008-12-30,GC,SELL_LONG,360.828687175268,-0.02243484299016018
313,2009-01-28,ZN,BUY_LONG,132.96715665596324,0.0
314,2009-01-29,ZN,SELL_LONG,133.0288288137165,0.000616721577532644
315,2009-02-03,GC,SELL_SHORT,338.87647597234235,0.0
316,2009-02-16,GC,COVER_SHORT,331.0668706188417,0.07809605353500672
317,2009-03-03,ES,SELL_SHORT,6083.004127454584,0.0
318,2009-03-20,ES,COVER_SHORT,5742.38697767083,3.4061714978375406
319,2009-06-22,ES,BUY_LONG,6250.267322257171,0.0
320,2009-06-25,ES,SELL_LONG,6268.808700678316,0.18541378421145055
321,2009-07-01,ES,BUY_LONG,6445.354516923995,0.0
322,2009-07-02,ES,SELL_LONG,6343.916814553623,-1.0143770237037188
323,2009-07-08,ES,BUY_LONG,6645.1268699507955,0.0
324,2009-07-09,ES,SELL_LONG,6585.589846694554,-0.5953702325624181
325,2009-07-31,GC,BUY_LONG,357.68357528468755,0.0
326,2009-08-04,GC,SELL_LONG,359.1265160502503,0.01442940765562753
327,2009-08-06,GC,BUY_LONG,364.20408715453726,0.0
328,2009-08-07,GC,SELL_LONG,360.49891060740526,-0.03705176547131998
329,2009-08-12,ES,BUY_LONG,6737.763504917527,0.0
330,2009-08-13,ES,SELL_LONG,6633.384477892584,-1.0437902702494284
331,2009-09-09,ES,BUY_LONG,6924.919234210438,0.0
332,2009-09-15,ES,SELL_LONG,6981.063450619879,0.5614421640944147
333,2009-09-16,ES,BUY_LONG,7031.973653710084,0.0
334,2009-09-17,ES,SELL_LONG,6959.051425439748,-0.7292222827033674
335,2009-11-11,GC,SELL_SHORT,341.4490472150908,0.0
336,2009-11-12,GC,COVER_SHORT,346.0311864477985,-0.04582139232707732
337,2009-11-17,GC,SELL_SHORT,338.0806585775047,0.0
338,2009-11-18,GC,COVER_SHORT,341.38733661979444,-0.03306678042289718
339,2009-11-30,ES,BUY_LONG,7410.165059753426,0.0
340,2009-12-03,ES,SELL_LONG,7219.498694313342,-1.9066636544008453
341,2009-12-09,GC,SELL_SHORT,326.8311544225678,0.0
342,2009-12-10,GC,COVER_SHORT,327.57503168644075,-0.0074387726387294606
343,2010-01-15,GC,SELL_SHORT,326.95294687336343,0.0
344,2010-01-22,GC,COVER_SHORT,326.91339790413735,0.0003954896922607532
345,2010-01-27,GC,SELL_SHORT,320.3137921063852,0.0
346,2010-01-28,ES,BUY_LONG,7497.226671091549,0.0
347,2010-01-28,GC,COVER_SHORT,321.8612563059138,-0.015474641995285766
348,2010-02-18,ES,SELL_LONG,7951.2110031331495,4.539843320416003
349,2010-05-14,ES,BUY_LONG,8388.220468076857,0.0
350,2010-05-31,ES,SELL_LONG,8495.396050527244,1.0717558245038707
351,2010-06-11,ES,BUY_LONG,9056.04594923768,0.0
352,2010-07-09,ES,SELL_LONG,9914.777204740887,8.587312555032076
353,2010-07-29,GC,BUY_LONG,350.9860118893105,0.0
354,2010-08-04,GC,SELL_LONG,353.88277722840655,0.028967653390960777
355,2010-08-09,GC,BUY_LONG,358.9902681342417,0.0
356,2010-08-10,GC,SELL_LONG,354.64569684821663,-0.04344571286025087
357,2010-09-07,ES,SELL_SHORT,9438.537531646321,0.0
358,2010-09-21,ES,COVER_SHORT,9139.86265626411,2.986748753822121
359,2010-09-22,ES,SELL_SHORT,8951.444901662338,0.0
360,2010-09-27,ES,COVER_SHORT,8981.067108895571,-0.29622207233232983
361,2010-10-04,ZN,BUY_LONG,144.72039952580295,0.0
362,2010-10-05,ZN,SELL_LONG,144.47618192353195,-0.0024421760227099298
363,2010-10-06,ZN,BUY_LONG,145.4630878757759,0.0
364,2010-10-07,ZN,SELL_LONG,145.19360218096367,-0.002694856948122322
365,2010-10-18,GC,SELL_SHORT,319.28251621095103,0.0
366,2010-10-19,GC,COVER_SHORT,323.01577705498346,-0.037332608440324294
367,2010-11-17,ES,BUY_LONG,9919.184183784233,0.0
368,2010-11-23,ES,SELL_LONG,10043.596647388971,1.2441246360473814
369,2010-11-24,ES,BUY_LONG,10229.323973559392,0.0
370,2010-11-25,ES,SELL_LONG,10093.030543149942,-1.3629343040945059
371,2010-12-30,GC,BUY_LONG,353.2534367373358,0.0
372,2011-01-04,GC,SELL_LONG,353.658256518779,0.004048197814432228
373,2011-01-12,ES,SELL_SHORT,9285.718992435239,0.0
374,2011-01-31,ES,COVER_SHORT,8640.734779252209,6.449842131830301
375,2011-02-01,ES,SELL_SHORT,8427.674090444683,0.0
376,2011-02-03,ES,COVER_SHORT,8537.976790899853,-1.1030270045516954
377,2011-03-21,ES,BUY_LONG,9380.418004124096,0.0
378,2011-03-23,ES,SELL_LONG,9402.787003308658,0.223689991845622
379,2011-03-24,ES,BUY_LONG,9588.299487428376,0.0
380,2011-04-07,ES,SELL_LONG,9802.46116874684,2.1416168131846463
381,2011-05-05,ES,BUY_LONG,10118.14842464741,0.0
382,2011-05-06,ES,SELL_LONG,9990.705022363025,-1.2744340228438522
383,2011-06-21,ES,BUY_LONG,10221.89111477908,0.0
384,2011-06-23,ES,SELL_LONG,10216.964683263674,-0.049264315154068754
385,2011-07-27,ES,SELL_SHORT,9242.719828478314,0.0
386,2011-08-01,ES,COVER_SHORT,9405.045685964493,-1.6232585748617931
387,2011-08-15,ES,SELL_SHORT,8985.483392782935,0.0
388,2011-08-22,ES,COVER_SHORT,8939.111456784225,0.4637193599870989
389,2011-08-25,ES,SELL_SHORT,8834.092452785088,0.0
390,2011-08-29,ES,COVER_SHORT,8887.640798953113,-0.535483461680251
391,2011-09-16,GC,SELL_SHORT,316.50409908213084,0.0
392,2011-09-19,GC,COVER_SHORT,318.22075443921165,-0.017166553570808107
393,2011-09-20,GC,SELL_SHORT,315.2142201847588,0.0
394,2011-09-21,GC,COVER_SHORT,316.04283377798134,-0.00828613593222542
395,2011-09-30,ES,SELL_SHORT,8443.510758157938,0.0
396,2011-10-03,ES,COVER_SHORT,8481.245442679228,-0.37734684521290546
397,2011-10-14,GC,SELL_SHORT,304.35800682237976,0.0
398,2011-10-17,GC,COVER_SHORT,306.0699034896553,-0.017118966672755392
399,2011-10-20,GC,SELL_SHORT,301.21673946864655,0.0
400,2011-10-21,GC,COVER_SHORT,302.3074675107616,-0.010907280421150745
401,2011-10-24,GC,SELL_SHORT,300.822377717446,0.0
402,2011-10-25,ES,BUY_LONG,9505.180320692332,0.0
403,2011-10-25,GC,COVER_SHORT,304.02765822714343,-0.03205280509697445
404,2011-10-27,ES,SELL_LONG,9170.81237555579,-3.343679451365424
405,2011-11-23,ES,BUY_LONG,9620.043280162545,0.0
406,2011-11-29,ES,SELL_LONG,9575.044379676474,-0.44998900486070853
407,2011-11-29,GC,SELL_SHORT,301.7297756046931,0.0
408,2011-11-30,ES,BUY_LONG,9646.8250778872,0.0
409,2011-12-02,ES,SELL_LONG,9495.312906794006,-1.5151217109319441
410,2011-12-08,GC,COVER_SHORT,299.39176582706153,0.023380097776315552
411,2011-12-09,GC,SELL_SHORT,295.3257506156362,0.0
412,2011-12-12,GC,COVER_SHORT,296.82798933238394,-0.015022387167477405
413,2012-02-01,ES,SELL_SHORT,8900.936215179703,0.0
414,2012-02-14,ES,COVER_SHORT,8665.756797338343,2.351794178413602
415,2012-02-15,ES,SELL_SHORT,8623.32011952621,0.0
416,2012-03-01,ES,COVER_SHORT,8152.983197579493,4.7033692194671675
417,2012-03-02,ES,SELL_SHORT,8060.352520230867,0.0
418,2012-03-09,ES,COVER_SHORT,7966.1483559339795,0.9420416429688794
419,2012-03-22,GC,SELL_SHORT,292.4912967369952,0.0
420,2012-03-23,GC,COVER_SHORT,294.79401488090303,-0.02302718143907839
421,2012-04-19,GC,SELL_SHORT,288.7741569861504,0.0
422,2012-04-20,GC,COVER_SHORT,289.3836972328103,-0.006095402466598898
423,2012-04-23,GC,SELL_SHORT,288.6255779473422,0.0
424,2012-04-26,ES,BUY_LONG,8692.294427957197,0.0
425,2012-05-03,ES,SELL_LONG,8676.771291765654,-0.15523136191543016
426,2012-05-04,ES,BUY_LONG,8757.471663181801,0.0
427,2012-05-07,ES,SELL_LONG,8652.99541273794,-1.0447625044386042
428,2012-05-07,GC,COVER_SHORT,285.5781760523739,0.030474018949682886
429,2012-05-09,ES,BUY_LONG,8887.465622146976,0.0
430,2012-05-14,ES,SELL_LONG,8902.524551645356,0.15058929498380166
431,2012-06-22,ES,BUY_LONG,9417.848976231313,0.0
432,2012-06-25,ES,SELL_LONG,9440.2625198659,0.22413543634587768
433,2012-06-26,GC,SELL_SHORT,273.1987865310134,0.0
434,2012-06-29,ES,BUY_LONG,9580.609002738003,0.0
435,2012-07-02,ES,SELL_LONG,9559.006842985345,-0.21602159752657826
436,2012-07-02,GC,COVER_SHORT,274.26028520285956,-0.010614986718461523
437,2012-07-03,GC,SELL_SHORT,271.60197277708113,0.0
438,2012-07-06,ES,BUY_LONG,9695.27428269822,0.0
439,2012-07-16,GC,COVER_SHORT,267.0221342304145,0.04579838546666622
440,2012-07-17,ES,SELL_LONG,9791.639386713005,0.9636510401478517
441,2012-07-19,ES,BUY_LONG,9993.745151553492,0.0
442,2012-07-20,ES,SELL_LONG,9890.395386473627,-1.033497650798654
443,2012-07-23,ES,BUY_LONG,10058.614553611158,0.0
444,2012-07-30,ES,SELL_LONG,10220.002302762945,1.6138774915178693
445,2012-09-06,ES,BUY_LONG,10346.515066489756,0.0
446,2012-09-10,ES,SELL_LONG,10213.021266432126,-1.334938000576294
447,2012-09-12,ES,BUY_LONG,10541.18275258356,0.0
448,2012-09-14,ES,SELL_LONG,10380.977920705589,-1.6020483187797072
449,2012-09-21,ES,BUY_LONG,10770.82101104553,0.0
450,2012-09-26,ES,SELL_LONG,10501.918463553435,-2.6890254749209452
451,2012-10-12,ES,BUY_LONG,11087.204666894038,0.0
452,2012-10-15,ES,SELL_LONG,10916.617588758949,-1.7058707813508955
453,2012-10-17,GC,BUY_LONG,291.2471943191463,0.0
454,2012-10-19,GC,SELL_LONG,286.8804684852599,-0.04366725833886392
455,2012-10-31,ES,BUY_LONG,11456.328374487306,0.0
456,2012-11-05,ES,SELL_LONG,11480.072967521215,0.23744593033909042
457,2013-01-10,ES,BUY_LONG,11508.498250012206,0.0
458,2013-01-15,GC,SELL_SHORT,274.29124238608887,0.0
459,2013-01-21,ES,SELL_LONG,11372.198392961127,-1.36299857051079
460,2013-01-25,ES,BUY_LONG,11765.40276413627,0.0
461,2013-01-28,ES,SELL_LONG,11677.501565596343,-0.8790119853992655
462,2013-01-30,ES,BUY_LONG,11916.521221650873,0.0
463,2013-01-31,ES,SELL_LONG,11805.210945731878,-1.1131027591899512
464,2013-02-04,GC,COVER_SHORT,263.2688438151834,0.11022398570905466
465,2013-02-22,ES,BUY_LONG,12085.671437809277,0.0
466,2013-03-12,ES,SELL_LONG,12654.36822553673,5.686967877274529
467,2013-03-14,ES,BUY_LONG,12935.271246325212,0.0
468,2013-03-18,ES,SELL_LONG,12881.736241466228,-0.5353500485898439
469,2013-03-22,GC,BUY_LONG,281.093146646131,0.0
470,2013-03-25,GC,SELL_LONG,275.95587286591535,-0.05137273780215651
471,2013-04-15,ZN,SELL_SHORT,137.6129729986222,0.0
472,2013-04-18,ZN,COVER_SHORT,137.22114520750628,0.003918277911159293
473,2013-05-09,ES,SELL_SHORT,11987.154859289101,0.0
474,2013-05-14,ES,COVER_SHORT,12009.382161531466,-0.22227302242365113
475,2013-07-22,GC,BUY_LONG,283.98979778419675,0.0
476,2013-07-23,GC,SELL_LONG,282.05486980575165,-0.01934927978445103
477,2013-07-26,GC,BUY_LONG,287.28792283338873,0.0
478,2013-07-30,ES,BUY_LONG,12744.037933433057,0.0
479,2013-08-08,GC,SELL_LONG,290.0662311565684,0.027783083231796582
480,2013-08-12,ES,SELL_LONG,13118.986592825811,3.7494865939275406
481,2013-08-14,GC,BUY_LONG,295.1170098784842,0.0
482,2013-08-15,ES,BUY_LONG,13347.717872832234,0.0
483,2013-08-16,ES,SELL_LONG,13064.054029887484,-2.836638429447503
484,2013-08-21,GC,SELL_LONG,295.74589098165035,0.006288811031661226
485,2013-09-11,ES,BUY_LONG,13620.632950955938,0.0
486,2013-09-13,ES,SELL_LONG,13462.03716165746,-1.5859578929847886
487,2013-09-25,ES,BUY_LONG,13907.283413368496,0.0
488,2013-09-26,ES,SELL_LONG,13712.913076647166,-1.943703367213293
489,2013-10-09,ES,BUY_LONG,14119.247819267795,0.0
490,2013-10-10,ES,SELL_LONG,13879.121067110107,-2.4012675215768833
491,2013-10-14,ES,BUY_LONG,14302.777064135773,0.0
492,2013-10-15,ES,SELL_LONG,14145.169286828177,-1.5760777730759583
493,2013-10-16,ES,BUY_LONG,14325.752226662644,0.0
494,2013-10-18,ES,SELL_LONG,14361.66921004982,0.35916983387176515
495,2013-10-23,ES,BUY_LONG,14475.303682145552,0.0
496,2013-10-24,ES,SELL_LONG,14484.110150244382,0.0880646809883001
497,2013-10-25,ES,BUY_LONG,14629.46662656537,0.0
498,2013-10-28,ES,SELL_LONG,14499.975565295907,-1.294910612694639
499,2013-11-12,GC,SELL_SHORT,275.221853535186,0.0
500,2013-11-14,GC,COVER_SHORT,275.7760179774415,-0.005541644422554555
501,2014-01-27,ES,BUY_LONG,14911.227466025897,0.0
502,2014-01-29,ES,SELL_LONG,14880.713867522436,-0.30513598503461253
503,2014-01-30,ES,BUY_LONG,15036.910844733036,0.0
504,2014-01-31,ES,SELL_LONG,15034.26062337654,-0.026502213564963312
505,2014-02-06,ES,BUY_LONG,15286.683124438872,0.0
506,2014-02-10,ES,SELL_LONG,15085.633940847709,-2.0104918359116346
507,2014-02-18,ES,BUY_LONG,15742.56899240283,0.0
508,2014-03-14,ES,SELL_LONG,17243.6018282755,15.010328358726692
509,2014-04-02,ES,BUY_LONG,18102.544091145908,0.0
510,2014-04-03,ES,SELL_LONG,18074.011849420156,-0.285322417257521
511,2014-04-07,ES,BUY_LONG,18289.84579437289,0.0
512,2014-04-10,ES,SELL_LONG,17948.22543107479,-3.4162036329810146
513,2014-04-11,GC,SELL_SHORT,266.10153838377994,0.0
514,2014-04-14,GC,COVER_SHORT,268.44801134338184,-0.02346472959601897
515,2014-04-18,GC,SELL_SHORT,260.73207249854624,0.0
516,2014-04-18,ZN,SELL_SHORT,142.8581243230576,0.0
517,2014-04-21,ZN,COVER_SHORT,142.76729705606292,0.000908272669946939
518,2014-05-06,GC,COVER_SHORT,249.17439475848087,0.11557677740065372
519,2014-05-14,ES,SELL_SHORT,16467.39818029763,0.0
520,2014-05-15,ES,COVER_SHORT,16762.241898539265,-2.9484371824163462
521,2014-05-19,ES,SELL_SHORT,16372.58243841609,0.0
522,2014-05-20,ES,COVER_SHORT,16447.235602636927,-0.7465316422083743
523,2014-05-26,ES,SELL_SHORT,16123.514738110933,0.0
524,2014-05-27,ES,COVER_SHORT,16153.22962937132,-0.2971489126038796
525,2014-06-25,ES,SELL_SHORT,15951.96017290844,0.0
526,2014-07-09,GC,BUY_LONG,259.57635576976963,0.0
527,2014-07-10,GC,SELL_LONG,257.85680678481975,-0.017195489849498813
528,2014-07-11,ES,COVER_SHORT,15309.768777117599,6.421913957908418
529,2014-07-29,ES,SELL_SHORT,14508.841892811164,0.0
530,2014-08-14,ES,COVER_SHORT,14056.826472669778,4.520154201413861
531,2014-08-15,ES,SELL_SHORT,13853.448167936447,0.0
532,2014-09-01,ES,COVER_SHORT,13392.047888172125,4.6140027976432245
533,2014-09-17,GC,SELL_SHORT,245.27937208277697,0.0
534,2014-09-25,GC,COVER_SHORT,243.99873995679218,0.012806321259847948
535,2014-10-27,ES,SELL_SHORT,12756.106223932431,0.0
536,2014-10-28,ES,COVER_SHORT,12812.796172483248,-0.5668994855081655
537,2014-11-25,ES,SELL_SHORT,12200.392570250951,0.0
538,2014-11-28,ES,COVER_SHORT,12344.795663655974,-1.4440309340502244
539,2014-12-31,GC,SELL_SHORT,234.4835937600386,0.0
540,2015-01-08,GC,COVER_SHORT,232.5507517303073,0.019328420297312902
541,2015-01-28,ES,BUY_LONG,13441.600756864593,0.0
542,2015-02-05,ES,SELL_LONG,13616.371096465433,1.747703396008401
543,2015-02-10,ES,BUY_LONG,13778.57024570054,0.0
544,2015-02-11,ES,SELL_LONG,13688.428118294816,-0.9014212740572475
545,2015-03-12,ES,BUY_LONG,14149.224626563306,0.0
546,2015-03-13,ES,SELL_LONG,14054.759709772745,-0.9446491679056089
547,2015-03-17,GC,SELL_SHORT,226.96200272191632,0.0
548,2015-03-20,ES,BUY_LONG,14455.096604518798,0.0
549,2015-03-23,ES,SELL_LONG,14394.996987262339,-0.6009961725645917
550,2015-03-25,GC,COVER_SHORT,223.74535808155784,0.03216644640358481
551,2015-04-01,ES,BUY_LONG,14777.032333983068,0.0
552,2015-04-03,ES,SELL_LONG,14709.528462465696,-0.6750387151737232
553,2015-04-06,ES,BUY_LONG,14960.991285567701,0.0
554,2015-04-10,GC,SELL_SHORT,215.23473653211985,0.0
555,2015-04-13,ES,SELL_LONG,15339.109749189378,3.7811846362167674
556,2015-04-13,GC,COVER_SHORT,217.15463221267888,-0.01919895680559023
557,2015-04-16,ES,BUY_LONG,15726.48911638631,0.0
558,2015-04-16,GC,SELL_SHORT,212.0172077243213,0.0
559,2015-04-17,ES,SELL_LONG,15590.334140598185,-1.3615497578812574
560,2015-04-17,GC,COVER_SHORT,213.48203691377597,-0.014648291894546616
561,2015-05-18,ES,SELL_SHORT,13914.415463466998,0.0
562,2015-06-01,ES,COVER_SHORT,13764.301858713608,1.5011360475338915
563,2015-06-18,ES,SELL_SHORT,12738.110319288315,0.0
564,2015-06-22,ES,COVER_SHORT,12765.75481990956,-0.27644500621245244
565,2015-07-17,GC,SELL_SHORT,204.76441602303862,0.0
566,2015-07-22,GC,COVER_SHORT,207.99817344220324,-0.032337574191646186
567,2015-08-27,GC,SELL_SHORT,200.59340108856918,0.0
568,2015-09-04,GC,COVER_SHORT,199.1872274792184,0.014061736093507875
569,2015-10-07,ES,BUY_LONG,13866.877598210755,0.0
570,2015-10-08,ES,SELL_LONG,13617.252472870105,-2.496251253406499
571,2015-11-04,GC,SELL_SHORT,187.97874704411106,0.0
572,2015-11-12,ES,BUY_LONG,13997.25921346784,0.0
573,2015-11-13,ES,SELL_LONG,14000.769582612582,0.03510369144742072
574,2015-11-16,ES,BUY_LONG,14107.956568497695,0.0
575,2015-11-16,GC,COVER_SHORT,186.01608310767298,0.019626639364380766
576,2015-11-18,GC,SELL_SHORT,181.69594018045197,0.0
577,2015-11-20,ES,SELL_LONG,14257.568241180481,1.4961167268278588
578,2015-11-23,GC,COVER_SHORT,181.7531710930163,-0.0005723091256433577
579,2016-01-19,ZN,SELL_SHORT,148.72794565139765,0.0
580,2016-01-25,ZN,COVER_SHORT,148.0950254756047,0.006329201757929468
581,2016-02-01,ES,SELL_SHORT,13002.411750995632,0.0
582,2016-02-02,ES,COVER_SHORT,13177.38973200599,-1.7497798101035733
583,2016-02-03,ES,SELL_SHORT,12934.71374897323,0.0
584,2016-02-19,GC,SELL_SHORT,170.09106871614293,0.0
585,2016-02-23,GC,COVER_SHORT,171.29982175851387,-0.012087530423709438
586,2016-03-01,ES,COVER_SHORT,11586.022106823086,13.486916421501446
587,2016-03-07,ES,SELL_SHORT,11005.133704895794,0.0
588,2016-03-09,ES,COVER_SHORT,11120.969089463237,-1.1583538456744282
589,2016-04-01,GC,SELL_SHORT,168.37467581658515,0.0
590,2016-04-07,GC,COVER_SHORT,169.2620024069926,-0.008873265904074402
591,2016-04-07,ZN,BUY_LONG,152.24132696145438,0.0
592,2016-04-08,ZN,SELL_LONG,152.20100681776316,-0.0004032014369121839
593,2016-05-31,ES,SELL_SHORT,10963.37090616613,0.0
594,2016-06-01,ES,COVER_SHORT,11119.189185405035,-1.5581827923890523
595,2016-06-17,GC,BUY_LONG,179.15743857777457,0.0
596,2016-06-24,GC,SELL_LONG,177.78453090187696,-0.013729076758976078
597,2016-06-27,ES,SELL_SHORT,10787.41537647705,0.0
598,2016-07-18,ES,COVER_SHORT,10149.735047745045,6.376803287320054
599,2016-07-19,ES,SELL_SHORT,10015.337302581902,0.0
600,2016-07-20,ES,COVER_SHORT,10153.846063308602,-1.3850876072669962
601,2016-09-05,ES,SELL_SHORT,9835.391248183112,0.0
602,2016-09-12,ES,COVER_SHORT,9756.508416859746,0.7888283132336619
603,2016-10-17,GC,BUY_LONG,196.79201538162422,0.0
604,2016-10-18,GC,SELL_LONG,196.17344289204672,-0.0061857248957750246
605,2016-10-20,GC,BUY_LONG,197.35299616132286,0.0
606,2016-10-21,GC,SELL_LONG,194.47436925221834,-0.028786269091045258
607,2016-12-08,ES,SELL_SHORT,9378.433776576476,0.0
608,2016-12-14,ES,COVER_SHORT,9309.740361760227,0.6869341481624907
609,2016-12-26,ES,SELL_SHORT,8915.092906850847,0.0
610,2017-01-03,ES,COVER_SHORT,8793.001931417748,1.2209097543309873
611,2017-01-09,ES,SELL_SHORT,8646.174237911375,0.0
612,2017-01-10,ES,COVER_SHORT,8671.092353010801,-0.2491811509942636
613,2017-01-17,ES,SELL_SHORT,8438.999125845969,0.0
614,2017-01-18,ES,COVER_SHORT,8450.810534771872,-0.11811408925903379
615,2017-02-23,ES,BUY_LONG,9477.793144290727,0.0
616,2017-03-06,ES,SELL_LONG,9504.763608631694,0.26970464340967737
617,2017-03-14,GC,SELL_SHORT,183.5483153993788,0.0
618,2017-03-22,GC,COVER_SHORT,185.57617017172288,-0.020278547723440853
619,2017-03-27,GC,SELL_SHORT,183.049889030547,0.0
620,2017-03-28,GC,COVER_SHORT,184.7124221928761,-0.016625331623290832
621,2017-03-31,GC,SELL_SHORT,180.31567386261844,0.0
622,2017-04-03,GC,COVER_SHORT,181.91324549455473,-0.0159757163193629
623,2017-05-16,GC,BUY_LONG,196.08625018167953,0.0
624,2017-05-17,GC,SELL_LONG,194.93171604080334,-0.011545341408761942
625,2017-06-14,ES,BUY_LONG,9631.752205946514,0.0
626,2017-06-15,ES,SELL_LONG,9522.632002358978,-1.091202035875358
627,2017-08-02,ES,BUY_LONG,9890.280552059503,0.0
628,2017-08-03,ES,SELL_LONG,9837.844490364474,-0.5243606169502891
629,2017-08-23,ES,BUY_LONG,10120.753089320182,0.0
630,2017-08-28,ES,SELL_LONG,10122.68137097967,0.01928281659487766
631,2017-08-30,ES,BUY_LONG,10144.256307948823,0.0
632,2017-09-01,ES,SELL_LONG,10129.755633287696,-0.1450067466112705
633,2017-10-16,ES,SELL_SHORT,9107.61646126668,0.0
634,2017-10-20,ES,COVER_SHORT,9328.392987600806,-2.207765263341262
635,2017-11-10,GC,BUY_LONG,201.22940701755874,0.0
636,2017-11-24,GC,SELL_LONG,207.8842562253074,0.06654849207748668
637,2017-11-28,GC,BUY_LONG,213.1729113671364,0.0
638,2017-11-29,GC,SELL_LONG,210.74442683596112,-0.024284845311752862
639,2018-01-30,ES,BUY_LONG,10105.071313778846,0.0
640,2018-02-12,ES,SELL_LONG,10125.139518061043,0.20068204282197258
641,2018-03-23,GC,BUY_LONG,208.38625859729447,0.0
642,2018-03-26,GC,SELL_LONG,204.76012932487524,-0.036261292724192346
643,2018-04-27,ES,SELL_SHORT,9681.105008905799,0.0
644,2018-05-01,ES,COVER_SHORT,9751.526325924564,-0.7042131701876497
645,2018-05-02,ES,SELL_SHORT,9557.591493301945,0.0
646,2018-05-04,ES,COVER_SHORT,9767.459268654835,-2.0986777535289
647,2018-05-23,ES,SELL_SHORT,9125.821485004912,0.0
648,2018-05-29,ES,COVER_SHORT,9039.187540296556,0.8663394470835556
649,2018-05-30,ES,SELL_SHORT,8890.861170858425,0.0
650,2018-06-07,ES,COVER_SHORT,8771.541662181258,1.193195086771666
651,2018-06-12,ES,SELL_SHORT,8612.274916375869,0.0
652,2018-06-13,ES,COVER_SHORT,8682.434106390125,-0.7015919001425573
653,2018-06-25,GC,BUY_LONG,215.75178261095294,0.0
654,2018-06-26,GC,SELL_LONG,213.42358803674443,-0.0232819457420851
655,2018-08-06,ES,SELL_SHORT,8181.945289269997,0.0
656,2018-08-07,ES,COVER_SHORT,8437.769945866623,-2.5582465659662557
657,2018-09-27,GC,BUY_LONG,222.6544502733338,0.0
658,2018-10-01,GC,SELL_LONG,222.28209115036418,-0.003723591229696126
659,2018-10-18,ES,SELL_SHORT,8281.125022153405,0.0
660,2018-10-22,ES,COVER_SHORT,8442.276515853735,-1.6115149370033033
661,2018-10-24,ES,SELL_SHORT,8280.07239458568,0.0
662,2018-10-25,ES,COVER_SHORT,8308.389897830682,-0.2831750324500172
663,2018-10-26,ES,SELL_SHORT,8228.332778995182,0.0
664,2018-10-30,ES,COVER_SHORT,8311.7293930753,-0.8339661408011853
665,2018-12-06,ES,BUY_LONG,9353.467629002413,0.0
666,2018-12-07,ES,SELL_LONG,9199.47387830844,-1.539937506939732
667,2018-12-10,GC,BUY_LONG,234.66760882976303,0.0
668,2018-12-13,GC,SELL_LONG,235.89902737258382,0.012314185428207907
669,2018-12-17,ES,BUY_LONG,9493.812064056703,0.0
670,2018-12-18,ES,SELL_LONG,9411.788231133269,-0.8202383292343438
671,2018-12-27,ES,BUY_LONG,9650.09280719557,0.0
672,2018-12-31,ES,SELL_LONG,9531.65355087586,-1.1843925631970889
673,2019-03-04,ES,BUY_LONG,9842.362730980794,0.0
674,2019-03-05,ES,SELL_LONG,9790.914148048865,-0.514485829319292
675,2019-04-22,ES,BUY_LONG,10199.998871860393,0.0
676,2019-05-02,ES,SELL_LONG,10380.574157667284,1.8057528580689177
677,2019-05-03,ES,BUY_LONG,10486.334106869128,0.0
678,2019-05-07,ES,SELL_LONG,10364.97180446449,-1.2136230240463737
679,2019-06-10,GC,SELL_SHORT,216.21919178639894,0.0
680,2019-06-11,GC,COVER_SHORT,218.41221699178425,-0.02193025205385311
681,2019-07-01,ES,BUY_LONG,10919.145481161491,0.0
682,2019-07-02,ES,SELL_LONG,10919.10100873206,-0.000444724294320622
683,2019-07-03,ES,BUY_LONG,10987.671755395031,0.0
684,2019-07-05,ES,SELL_LONG,10909.403245925776,-0.7826850946925515
685,2019-07-24,GC,SELL_SHORT,210.80461096351328,0.0
686,2019-07-25,GC,COVER_SHORT,211.40620420105319,-0.006015932375399018
687,2019-09-30,ES,BUY_LONG,11189.806020165384,0.0
688,2019-10-01,ES,SELL_LONG,11078.169846326991,-1.1163617383839302
689,2019-10-02,ES,BUY_LONG,11149.489496337352,0.0
690,2019-10-03,ES,SELL_LONG,11081.125988408246,-0.6836350792910525
691,2019-10-09,ES,BUY_LONG,11383.304479295,0.0
692,2019-10-11,ES,SELL_LONG,11209.659568204099,-1.7364491109090159
693,2019-10-15,GC,BUY_LONG,223.39677846749146,0.0
694,2019-10-23,GC,SELL_LONG,224.057552878608,0.006607744111165346
695,2020-01-13,GC,BUY_LONG,228.97130240489477,0.0
696,2020-01-20,ES,BUY_LONG,11173.85157606208,0.0
697,2020-01-22,ES,SELL_LONG,11104.80491901791,-0.6904665704416948
698,2020-01-22,GC,SELL_LONG,229.8266031200223,0.008553007151275268
699,2020-01-27,ES,BUY_LONG,11397.650637230372,0.0
700,2020-01-28,ES,SELL_LONG,11210.30656275572,-1.873440744746513
701,2020-01-29,ES,BUY_LONG,11375.529372890906,0.0
702,2020-02-04,ES,SELL_LONG,11394.654167326,0.19124794435094372
703,2020-02-07,ES,BUY_LONG,11731.4426362229,0.0
704,2020-02-11,ES,SELL_LONG,11650.104175666296,-0.8133846055660433
705,2020-03-27,GC,BUY_LONG,237.2274846557098,0.0
706,2020-03-31,GC,SELL_LONG,236.58009104006584,-0.006473936156439493
707,2020-04-03,GC,BUY_LONG,240.8986833065605,0.0
708,2020-04-07,GC,SELL_LONG,240.3231023292107,-0.005755809773498015
709,2020-04-13,ES,BUY_LONG,11897.451051880353,0.0
710,2020-04-15,ES,SELL_LONG,11754.669080622094,-1.4278197125825864
711,2020-04-22,ES,BUY_LONG,11919.02926729848,0.0
712,2020-04-27,ES,SELL_LONG,12036.379307096267,1.1735003979778775
713,2020-04-30,GC,BUY_LONG,250.86989788223804,0.0
714,2020-05-04,ES,BUY_LONG,12329.77438960502,0.0
715,2020-05-05,ES,SELL_LONG,12313.160010155516,-0.16614379449503758
716,2020-05-05,GC,SELL_LONG,248.303777204272,-0.025661206779660405
717,2020-06-24,ES,SELL_SHORT,11073.789490628335,0.0
718,2020-06-29,ES,COVER_SHORT,11185.176751894003,-1.1138726126566871
719,2020-07-01,ES,SELL_SHORT,10862.06939155923,0.0
720,2020-07-08,ES,COVER_SHORT,10768.01426916158,0.9405512239764903
721,2020-07-16,ES,SELL_SHORT,10421.416794927281,0.0
722,2020-07-21,ES,COVER_SHORT,10401.800701939143,0.19616092988138917
723,2020-07-27,ES,SELL_SHORT,10095.99333549739,0.0
724,2020-07-28,ES,COVER_SHORT,10264.562134373431,-1.685687988760419
725,2020-08-05,ES,SELL_SHORT,9953.118143724443,0.0
726,2020-08-06,ES,COVER_SHORT,9947.004263334975,0.0611388038946825
727,2020-09-04,ES,SELL_SHORT,9591.111264737527,0.0
728,2020-09-07,ES,COVER_SHORT,9685.93290106381,-0.9482163632628362
729,2020-09-14,ES,SELL_SHORT,9488.858865866567,0.0
730,2020-09-16,ES,COVER_SHORT,9508.278680612968,-0.19419814746401243
731,2020-09-18,ES,SELL_SHORT,9425.67645059766,0.0
732,2020-09-21,ES,COVER_SHORT,9428.271487935794,-0.025950373381328974
733,2020-09-22,ES,SELL_SHORT,9258.428786677283,0.0
734,2020-09-23,ES,COVER_SHORT,9388.988491637014,-1.3055970495973088
735,2020-09-25,GC,BUY_LONG,256.1790988816082,0.0
736,2020-09-28,GC,SELL_LONG,253.1221220933465,-0.03056976788261693
737,2020-10-09,ES,SELL_SHORT,8949.227590487306,0.0
738,2020-10-15,ES,COVER_SHORT,8921.891329434713,0.2733626105259282
739,2020-10-27,ES,SELL_SHORT,8679.743915686424,0.0
740,2020-10-28,ES,COVER_SHORT,8692.640210912123,-0.1289629522569885
741,2020-11-18,GC,BUY_LONG,257.5066211991442,0.0
742,2020-11-19,GC,SELL_LONG,255.16457669475153,-0.02342044504392675
743,2020-12-22,GC,BUY_LONG,262.3846388786626,0.0
744,2020-12-23,GC,SELL_LONG,261.1242886721101,-0.012603502065525162
745,2021-01-05,ES,BUY_LONG,9155.244340516369,0.0
746,2021-01-08,ES,SELL_LONG,8915.130187859508,-2.4011415265686082
747,2021-03-08,ES,SELL_SHORT,8346.20795792731,0.0
748,2021-03-09,ES,COVER_SHORT,8460.691322999426,-1.144833650721157
749,2021-04-07,ES,BUY_LONG,9273.898645863852,0.0
750,2021-04-08,ES,SELL_LONG,9221.155676194103,-0.5274296966974907
751,2021-04-09,ES,BUY_LONG,9371.161583009278,0.0
752,2021-04-12,ES,SELL_LONG,9264.259042100175,-1.0690254090910276
753,2021-06-14,GC,BUY_LONG,274.52441438455986,0.0
754,2021-06-15,GC,SELL_LONG,272.81871258431306,-0.017057018002467998
755,2021-07-07,ES,BUY_LONG,9789.82521244371,0.0
756,2021-07-12,ES,SELL_LONG,9452.573548057046,-3.3725166438666383
757,2021-08-10,ES,BUY_LONG,9748.268898337932,0.0
758,2021-08-11,ES,SELL_LONG,9633.00073439147,-1.1526816394646267
759,2021-09-21,GC,SELL_SHORT,268.35338245142117,0.0
760,2021-09-22,GC,COVER_SHORT,271.5140682245258,-0.03160685773104603
761,2021-10-07,ES,BUY_LONG,10172.656302304276,0.0
762,2021-10-08,ES,SELL_LONG,10113.9914693449,-0.5866483295937542
763,2021-11-15,ES,SELL_SHORT,9125.681446559836,0.0
764,2021-11-16,ES,COVER_SHORT,9234.784613445798,-1.091031668859614
765,2021-12-14,ES,SELL_SHORT,8899.479157662627,0.0
766,2021-12-22,ES,COVER_SHORT,8993.283439833196,-0.9380428217056942
767,2022-01-03,GC,SELL_SHORT,261.8736237245749,0.0
768,2022-01-04,GC,COVER_SHORT,263.4566907131204,-0.01583066988545511
769,2022-01-18,ES,SELL_SHORT,8446.93635524136,0.0
770,2022-01-19,ES,COVER_SHORT,8590.83109193017,-1.4389473668880965
771,2022-01-20,ES,SELL_SHORT,8453.865887914979,0.0
772,2022-01-24,GC,SELL_SHORT,251.85719321834605,0.0
773,2022-01-28,ES,COVER_SHORT,8396.789677064131,0.5707621085084793
774,2022-02-01,GC,COVER_SHORT,252.41192502512527,-0.005547318067792162
775,2022-04-11,ES,BUY_LONG,8696.149141790554,0.0
776,2022-04-15,ES,SELL_LONG,8535.94071377781,-1.6020842801274375
777,2022-04-29,GC,SELL_SHORT,247.9650473607097,0.0
778,2022-05-06,GC,COVER_SHORT,246.1817411141254,0.017833062465842885
779,2022-05-09,GC,SELL_SHORT,244.20406336611745,0.0
780,2022-05-10,GC,COVER_SHORT,244.66072478794257,-0.004566614218251175
781,2022-05-25,ES,SELL_SHORT,7855.0807863734835,0.0
782,2022-05-31,ES,COVER_SHORT,7954.280050886174,-0.9919926451269021
783,2022-06-13,ES,SELL_SHORT,7392.442469648101,0.0
784,2022-06-21,ES,COVER_SHORT,7295.273671472041,0.9716879817605968
785,2022-06-23,ES,SELL_SHORT,7114.123311410485,0.0
786,2022-07-08,ES,COVER_SHORT,6855.616427972572,2.5850688343791353
787,2022-07-11,ES,SELL_SHORT,6776.8167459087845,0.0
788,2022-07-14,GC,BUY_LONG,258.33108020099945,0.0
789,2022-07-20,ES,COVER_SHORT,6619.651888213493,1.5716485769529118
790,2022-07-20,GC,SELL_LONG,258.13546286007045,-0.0019561734092900453
791,2022-07-21,ES,SELL_SHORT,6502.827388137051,0.0
792,2022-07-25,ES,COVER_SHORT,6520.551318900721,-0.17723930763670068
793,2022-07-27,ES,SELL_SHORT,6401.293974536151,0.0
794,2022-08-08,ES,COVER_SHORT,6141.1461951012225,2.6014777943492846
795,2022-08-09,ES,SELL_SHORT,6027.652149142744,0.0
796,2022-08-10,ES,COVER_SHORT,6107.61126827994,-0.7995911913719647
797,2022-08-24,ES,SELL_SHORT,5769.5134096681,0.0
798,2022-08-25,ES,COVER_SHORT,5887.57334367372,-1.1805993400561965
799,2022-10-05,GC,SELL_SHORT,243.9676530677708,0.0
800,2022-10-06,GC,COVER_SHORT,243.786500583829,0.001811524839418155
801,2022-11-08,ES,BUY_LONG,6198.047260552228,0.0
802,2022-11-10,ES,SELL_LONG,6101.574234756538,-0.9647302579568987
803,2022-11-11,ES,BUY_LONG,6203.810880442734,0.0
804,2022-11-24,ES,SELL_LONG,6324.468935344446,1.206580549017126
805,2022-12-07,ES,BUY_LONG,6762.2240049532975,0.0
806,2022-12-16,ES,SELL_LONG,6828.732266282825,0.6650826132952716
807,2022-12-19,ES,BUY_LONG,6874.316786386633,0.0
808,2022-12-21,ES,SELL_LONG,6820.203121140338,-0.5411366524629466
809,2022-12-27,ES,BUY_LONG,7050.979326521357,0.0
810,2022-12-28,ES,SELL_LONG,6950.111295699605,-1.0086803082175175
811,2023-01-31,ES,BUY_LONG,7001.95063358477,0.0
812,2023-02-08,ES,SELL_LONG,7144.616366097304,1.4266573251253432
813,2023-03-14,ES,BUY_LONG,7169.141686117216,0.0
814,2023-03-27,GC,SELL_SHORT,235.67423854723586,0.0
815,2023-03-29,GC,COVER_SHORT,235.24976255770727,0.004244759895285881
816,2023-04-11,ES,SELL_LONG,8025.888771237298,8.567470851200824
817,2023-04-14,ES,BUY_LONG,8259.90506424617,0.0
818,2023-04-17,ES,SELL_LONG,8185.4915860401925,-0.744134782059773
819,2023-07-04,GC,BUY_LONG,247.8215907224061,0.0
820,2023-07-06,GC,SELL_LONG,247.76647634048635,-0.0005511438191976481
821,2023-08-17,GC,BUY_LONG,257.49590185697156,0.0
822,2023-08-18,GC,SELL_LONG,256.80348520501644,-0.006924166519551136
823,2023-08-22,GC,BUY_LONG,259.1772444563485,0.0
824,2023-08-24,GC,SELL_LONG,259.38527751058257,0.002080330542340789
825,2023-08-25,GC,BUY_LONG,263.3911696364305,0.0
826,2023-08-28,GC,SELL_LONG,260.591979435582,-0.027991902008485
827,2023-10-10,ES,SELL_SHORT,7521.071701920167,0.0
828,2023-10-11,ES,COVER_SHORT,7732.340333144695,-2.112686312245287
829,2024-02-09,GC,BUY_LONG,261.89849667602545,0.0
830,2024-02-12,GC,SELL_LONG,260.9400266302337,-0.009584700457917279
831,2024-02-14,GC,BUY_LONG,264.7128486912669,0.0
832,2024-02-15,GC,SELL_LONG,261.1343606892669,-0.03578488002000029
833,2024-03-19,ES,BUY_LONG,8329.44089275238,0.0
834,2024-04-01,ES,SELL_LONG,8400.901764125985,0.7146087137360518
835,2024-04-01,GC,SELL_SHORT,246.92376582825136,0.0
836,2024-04-02,GC,COVER_SHORT,247.69170532297056,-0.007679394947192009
837,2024-04-04,ES,BUY_LONG,8558.027665875557,0.0
838,2024-04-05,ES,SELL_LONG,8571.161919087453,0.13134253211896066
839,2024-04-08,ES,BUY_LONG,8709.563441226388,0.0
840,2024-04-09,ES,SELL_LONG,8570.478531157372,-1.3908491006901569
841,2024-06-24,ES,BUY_LONG,8742.090658333704,0.0
842,2024-06-26,ES,SELL_LONG,8595.078983132067,-1.4701167520163654
843,2024-08-05,GC,SELL_SHORT,243.16699402768754,0.0
844,2024-08-16,GC,COVER_SHORT,237.5567475980829,0.056102464296046435
845,2024-08-29,ES,SELL_SHORT,7787.889166326039,0.0
846,2024-09-13,ES,COVER_SHORT,7573.479962339659,2.144092039863799
847,2024-09-16,ES,SELL_SHORT,7493.8024542773355,0.0
848,2024-09-24,ES,COVER_SHORT,7285.708257381226,2.080941968961097
849,2024-09-25,ES,SELL_SHORT,7191.744317909116,0.0
850,2024-10-14,ES,COVER_SHORT,6749.2843582700025,4.424599596391135
851,2024-10-15,ES,SELL_SHORT,6682.150234928968,0.0
852,2024-10-17,ES,COVER_SHORT,6688.651053577645,-0.06500818648677523
853,2024-10-18,ES,SELL_SHORT,6636.939799509681,0.0
854,2024-10-21,ES,COVER_SHORT,6641.261178658858,-0.04321379149177119
855,2024-10-24,ES,SELL_SHORT,6443.740141606568,0.0
856,2024-10-24,ZN,BUY_LONG,174.1274704845154,0.0
857,2024-10-25,ZN,SELL_LONG,173.9067584128521,-0.002207120716633142
858,2024-10-29,ES,COVER_SHORT,6433.963385544693,0.09776756061874949
859,2024-10-30,ES,SELL_SHORT,6365.322494538589,0.0
860,2024-11-01,ES,COVER_SHORT,6371.743827446171,-0.06421332907581928
861,2024-11-05,ES,SELL_SHORT,6273.031134456026,0.0
862,2024-11-08,ES,COVER_SHORT,6238.089210336918,0.3494192411910808
863,2024-11-12,GC,SELL_SHORT,232.45763599368107,0.0
864,2024-11-18,GC,COVER_SHORT,230.96972514802144,0.014879108456596271
865,2024-12-17,ES,BUY_LONG,6971.038171295607,0.0
866,2024-12-18,ES,SELL_LONG,6909.001370259089,-0.6203680103651823
867,2024-12-20,GC,BUY_LONG,249.08386560924112,0.0
868,2024-12-23,GC,SELL_LONG,246.94885237731836,-0.021350132319227555
869,2024-12-25,ES,BUY_LONG,6997.084894887456,0.0
870,2024-12-26,ES,SELL_LONG,6775.09536150641,-2.219895333810464
871,2025-01-16,ES,BUY_LONG,7166.361889469191,0.0
872,2025-01-21,ES,SELL_LONG,7100.7624059090995,-0.6559948356009135
873,2025-01-22,ES,BUY_LONG,7161.74269567255,0.0
874,2025-01-23,ES,SELL_LONG,7118.905375597904,-0.4283732007464641
875,2025-02-17,ES,SELL_SHORT,6493.169004611508,0.0
876,2025-02-19,ES,COVER_SHORT,6574.498106078435,-0.8132910146692666
877,2025-03-12,ES,BUY_LONG,7308.69591085824,0.0
878,2025-03-19,ES,SELL_LONG,7248.601090024328,-0.600948208339114
879,2025-03-20,GC,SELL_SHORT,223.56217300424814,0.0
880,2025-04-01,GC,COVER_SHORT,220.8155503155474,0.027466226887007394
881,2025-04-03,GC,SELL_SHORT,216.04342840094765,0.0
882,2025-04-25,GC,COVER_SHORT,202.57954862668134,0.13463879774266305
883,2025-06-05,GC,BUY_LONG,220.95025154922928,0.0
884,2025-06-06,GC,SELL_LONG,219.465789372057,-0.014844621771722757
885,2025-06-09,ES,SELL_SHORT,6715.628910864396,0.0
886,2025-06-10,ES,COVER_SHORT,6747.868538810527,-0.32239627946130894
887,2025-06-11,ES,SELL_SHORT,6643.777647806675,0.0
888,2025-06-17,ES,COVER_SHORT,6669.795441299805,-0.2601779349312983
889,2025-06-20,ES,SELL_SHORT,6476.461567760396,0.0
890,2025-06-23,ES,COVER_SHORT,6619.077884729473,-1.4261631696907717
891,2025-08-21,ES,SELL_SHORT,6346.403062119426,0.0
892,2025-08-28,ES,COVER_SHORT,6299.8933985438125,0.4650966357561356
893,2025-09-01,ES,SELL_SHORT,6260.290514606842,0.0
894,2025-09-02,ES,COVER_SHORT,6336.910231044962,-0.7661971643811921
895,2025-09-04,GC,SELL_SHORT,206.7868376984175,0.0
896,2025-09-08,GC,COVER_SHORT,206.62419983215645,0.0016263786626103639
897,2025-09-09,GC,SELL_SHORT,202.86412639588679,0.0
898,2025-09-10,GC,COVER_SHORT,204.05336190963052,-0.011892355137437392
899,2025-09-11,ES,SELL_SHORT,6091.976620351846,0.0
900,2025-09-11,GC,SELL_SHORT,201.13764704406722,0.0
901,2025-09-18,ES,COVER_SHORT,6073.884643074906,0.1809197727693936
902,2025-09-18,GC,COVER_SHORT,199.44708614649284,0.01690560897574386
903,2025-09-22,GC,SELL_SHORT,195.56547529161688,0.0
904,2025-09-23,GC,COVER_SHORT,198.4235326597429,-0.02858057368126026
905,2025-10-23,ZN,SELL_SHORT,173.9068671042619,0.0
906,2025-10-24,ZN,COVER_SHORT,175.08773304693233,-0.011808659426704367
907,2025-10-30,ES,BUY_LONG,7003.576578138909,0.0
908,2025-11-03,ES,SELL_LONG,6779.874780783849,-2.237017973550601
909,2025-11-14,GC,SELL_SHORT,186.475680583073,0.0
910,2025-11-18,GC,COVER_SHORT,188.5915673158902,-0.02115886732817188
911,2025-11-26,GC,SELL_SHORT,182.94937559517538,0.0
912,2025-11-28,GC,COVER_SHORT,183.00231797867977,-0.0005294238350438718
913,2026-01-21,ES,BUY_LONG,6835.286528457517,0.0
914,2026-01-26,ES,SELL_LONG,6839.35809636386,0.04071567906342352
915,2026-02-03,GC,SELL_SHORT,171.51590488274658,0.0
916,2026-02-05,GC,COVER_SHORT,171.4206099022327,0.0009529498051387009
917,2026-02-19,ES,SELL_SHORT,5865.50409092475,0.0
918,2026-02-24,ES,COVER_SHORT,6104.806079506039,-2.3930198858128917
