Ticker,FiscalPeriod,PeriodEndDate,ReportDate,Hour,ReactionDate,EPS_Actual,EPS_Estimate,SurprisePct,Open,High,Low,Close,PrevClose,GapPct,IntradayPct,DayChange,SurpriseClass,ReactionClass,ExpectationLevel,ExpectationComment,SignalScore
AAPL,2026 Q1,2025-12-31,2026-01-25,amc,2026-01-26,2.84,2.7257,0.041934,251.48,256.56,249.8,255.41,248.04,0.013868730849862917,0.015627485287100392,0.0297129495242703,Inline,Neutral,Expectation Reasonable,市场预期与业绩匹配,0.0283
AAPL,2025 Q4,2025-09-30,2025-10-25,amc,2025-10-27,1.85,1.8075,0.023513000000000003,264.88,269.12,264.6501,268.81,262.82,0.007838064074271373,0.01483690727876777,0.022791263982954148,Inline,Neutral,Expectation Reasonable,市场预期与业绩匹配,0.0171
AAPL,2025 Q3,2025-06-30,2025-07-25,amc,2025-07-28,1.57,1.4626,0.073431,214.03,214.845,213.06,214.05,213.88,0.000701327847391087,9.344484418077014e-05,0.0007948382270432762,Beat,Neutral,Expectation Reasonable,市场预期与业绩匹配,0.0369
AAPL,2025 Q2,2025-03-31,2025-04-25,amc,2025-04-28,1.65,1.6596,-0.005785,210.0,211.5,207.46,210.14,209.28,0.0034403669724770588,0.0006666666666666017,0.004109327217125312,Inline,Neutral,Expectation Low,市场已充分消化利空，或有反弹,-0.0017
AMZN,2025 Q4,2025-12-31,2026-01-25,amc,2026-01-26,1.95,2.011,-0.030333000000000002,239.98,240.95,237.54,238.42,239.16,0.003428667001170736,-0.006500541711809327,-0.0030941629034956057,Inline,Neutral,Expectation Low,市场已充分消化利空，或有反弹,-0.0154
AMZN,2025 Q3,2025-09-30,2025-10-25,amc,2025-10-27,1.95,1.605,0.214953,227.66,228.4,225.54,226.97,224.21,0.015387360064225452,-0.0030308354563823147,0.012309888051380362,Strong Beat,Neutral,Expectation Reasonable,市场预期与业绩匹配,0.1115
AMZN,2025 Q2,2025-06-30,2025-07-25,amc,2025-07-28,1.68,1.3545,0.24031,233.35,234.29,232.25,232.79,231.44,0.008252678880055292,-0.0023998285836726047,0.005833045281714458,Strong Beat,Neutral,Expectation Reasonable,市场预期与业绩匹配,0.1222
AMZN,2025 Q1,2025-03-31,2025-04-25,amc,2025-04-28,1.59,1.3893,0.144461,190.105,190.22,184.885,187.7,188.99,0.005899783057304517,-0.012650903448094481,-0.006825757976612627,Strong Beat,Neutral,Expectation Reasonable,市场预期与业绩匹配,0.0715
GOOGL,2025 Q4,2025-12-31,2026-01-25,amc,2026-01-26,2.82,2.7063,0.042012999999999995,327.805,335.84,327.0,333.26,327.93,-0.0003811789101332601,0.01664099083296467,0.016253468728082164,Inline,Neutral,Expectation High,业绩已被Price In，预期过高,0.0242
GOOGL,2025 Q3,2025-09-30,2025-10-25,amc,2025-10-27,3.1,2.3954,0.294147,264.815,270.14,264.28,269.27,259.92,0.018832717759310485,0.016823065158695635,0.03597260695598632,Strong Beat,Neutral,Expectation Reasonable,市场预期与业绩匹配,0.1561
GOOGL,2025 Q2,2025-06-30,2025-07-25,amc,2025-07-28,2.31,2.25,0.026667,193.65,194.05,190.84,192.58,193.18,0.002432964074955994,-0.005525432481280626,-0.0031059115850501826,Inline,Neutral,Expectation Reasonable,市场预期与业绩匹配,0.013
GOOGL,2025 Q1,2025-03-31,2025-04-25,amc,2025-04-28,2.27,2.0726,0.09524300000000001,162.425,163.15,158.6,160.61,161.96,0.002871079278834301,-0.011174388179159597,-0.008335391454680133,Beat,Neutral,Expectation Reasonable,市场预期与业绩匹配,0.0462
META,2025 Q4,2025-12-31,2026-01-25,amc,2026-01-26,8.88,8.3992,0.057244,665.125,675.28,661.2855,672.36,658.76,0.009662092416054419,0.0108776545762075,0.020644847896047154,Beat,Neutral,Expectation Reasonable,市场预期与业绩匹配,0.0337
META,2025 Q3,2025-09-30,2025-10-25,amc,2025-10-27,7.25,6.8245,0.062348999999999995,749.73,755.75,748.01,750.82,738.36,0.015398992361449705,0.0014538567217532068,0.016875237011755834,Beat,Neutral,Expectation Reasonable,市场预期与业绩匹配,0.0361
META,2025 Q2,2025-06-30,2025-07-25,amc,2025-07-28,7.14,6.0352,0.183059,715.2,724.7352,712.68,717.63,712.68,0.003535948812931604,0.003397651006711339,0.00694561373968688,Strong Beat,Neutral,Expectation Reasonable,市场预期与业绩匹配,0.0933
META,2025 Q1,2025-03-31,2025-04-25,amc,2025-04-28,6.43,5.3859,0.193858,555.64,558.4899,540.59,549.74,547.27,0.015294096149980823,-0.010618386005327149,0.004513311528130589,Strong Beat,Neutral,Expectation Reasonable,市场预期与业绩匹配,0.0994
MSFT,2026 Q2,2025-12-31,2026-01-25,amc,2026-01-26,4.14,4.0345,0.026149,465.305,474.25,462.0,470.28,465.95,-0.001384268698358154,0.010691911756804603,0.009292842579675897,Inline,Neutral,Expectation High,业绩已被Price In，预期过高,0.0148
MSFT,2026 Q1,2025-09-30,2025-10-25,amc,2025-10-27,4.13,3.7391,0.104544,531.78,534.58,529.01,531.52,523.61,0.015603216134145564,-0.000488923991124132,0.015106663356314753,Strong Beat,Neutral,Expectation Reasonable,市场预期与业绩匹配,0.0569
MSFT,2025 Q4,2025-06-30,2025-07-25,amc,2025-07-28,3.65,3.4368,0.062034000000000006,514.08,515.0,510.12,512.5,513.71,0.0007202507251172929,-0.003073451602863447,-0.002355414533491729,Beat,Neutral,Expectation Reasonable,市场预期与业绩匹配,0.0306
MSFT,2025 Q3,2025-03-31,2025-04-25,amc,2025-04-28,3.46,3.2846,0.053401,391.955,392.74,386.638,391.16,391.85,0.0002679596784482872,-0.00202829406436953,-0.0017608778869465298,Beat,Neutral,Expectation Reasonable,市场预期与业绩匹配,0.0264
NVDA,2026 Q3,2025-12-31,2026-01-25,amc,2026-01-26,1.3,1.2746,0.019927999999999998,187.16,189.12,185.99,186.47,187.67,-0.0027175361006020727,-0.0036866851891429672,-0.006394202589651989,Inline,Neutral,Expectation High,业绩已被Price In，预期过高,0.0084
NVDA,2026 Q2,2025-09-30,2025-10-25,amc,2025-10-27,1.05,1.0281,0.021301,189.99,192.0,188.4318,191.49,186.26,0.02002577042843347,0.007895152376440865,0.02807902931386244,Inline,Neutral,Expectation Low,市场可能过于保守，仍有上涨空间,0.0182
NVDA,2026 Q1,2025-06-30,2025-07-25,amc,2025-07-28,0.96,0.9521,0.008297,174.02,177.0,173.97,176.75,173.5,0.0029971181556196556,0.015687851971037753,0.018731988472622477,Inline,Neutral,Expectation Reasonable,市场预期与业绩匹配,0.0082
NVDA,2025 Q4,2025-03-31,2025-04-25,amc,2025-04-28,0.89,0.8605,0.034282,109.69,110.3699,106.02,108.73,111.01,-0.011890820646788643,-0.008751937277782786,-0.02053869020808937,Inline,Neutral,Expectation High,业绩已被Price In，预期过高,0.0118
TSLA,2025 Q4,2025-12-31,2026-01-25,amc,2026-01-26,0.5,0.4559,0.096732,445.0,445.04,434.28,435.2,449.06,-0.00904110809245981,-0.022022471910112387,-0.03086447245356971,Beat,Neutral,Expectation High,业绩已被Price In，预期过高,0.0412
TSLA,2025 Q3,2025-09-30,2025-10-25,amc,2025-10-27,0.5,0.5586,-0.10490500000000001,439.98,460.16,438.69,452.42,433.72,0.014433274923914025,0.02827401245511159,0.043115373973992406,Strong Miss,Neutral,Expectation Low,市场已充分消化利空，或有反弹,-0.0425
TSLA,2025 Q2,2025-06-30,2025-07-25,amc,2025-07-28,0.4,0.4373,-0.085296,318.45,330.49,315.69,325.59,316.06,0.007561855343921997,0.022421102213848285,0.030152502689362693,Miss,Neutral,Expectation Low,市场已充分消化利空，或有反弹,-0.0359
TSLA,2025 Q1,2025-03-31,2025-04-25,amc,2025-04-28,0.27,0.399,-0.32330800000000004,288.98,294.86,272.42,285.88,284.95,0.014142832075802877,-0.01072738597826847,0.0032637304790314333,Strong Miss,Neutral,Expectation Low,市场已充分消化利空，或有反弹,-0.1596
