Ticker,Date,Price,Price_MA20,Price_MA50,Price_MA200,RSI,RSI_Score,Momentum_5,Momentum_10,Momentum_Score,Volume_Ratio,Volume_Score,Short_Score,Short_Rating,MA_Trend_Score,MA_Trend_Score_Points,MA20_Dist,MA50_Dist,MA_Dist_Score,MACD_Histogram,MACD_Score,Volatility_10,Vol_Score,Mid_Score,Mid_Rating,Price_Position_20D,Trend_Score,Trend_Rating,Total_Score,Max_Score,Score_Pct,Rating,Signal,Return_1D,Return_5D,Return_20D,Rank
NVDA,2026-02-23,191.55,186.40900000000002,184.9316,173.57498999999999,55.818965517241125,10,4.780920080958384,3.3115797421929827,10,1.0676174920884929,5,25,强,5,15,2.7579140492143566,3.578836715845214,2.7579140492143566,0.6201982363419378,10,23.574813134258022,5,32.75791404921436,强,87.4680306905371,30,强,87.75791404921435,100,87.75791404921435,强烈看涨,BUY,0.9113897376461955,4.780920080958384,2.067458837320846,1
VZ,2026-02-23,49.68,46.018,42.46280000000001,42.404450000000004,76.76874340021118,3,1.3670679453172907,7.277045994385656,10,1.1091618484720511,5,18,中,5,15,7.9577556608283695,16.996524016315433,7.9577556608283695,0.15976662421974952,10,22.40194240359741,5,37.95775566082837,强,92.9552503322995,30,强,85.95775566082837,100,85.95775566082837,强烈看涨,BUY,0.8730964467005053,1.3670679453172907,25.70850202429149,2
FDX,2026-02-23,383.71,355.789,320.9946,257.7075,85.1868004070359,3,2.3991246797608667,3.921674836822575,10,1.1559173544943946,5,18,中,5,15,7.847628791221761,19.5378364620464,7.847628791221761,1.1390094141943123,10,17.649601942767095,5,37.847628791221766,强,91.24683055892405,30,强,85.84762879122177,100,85.84762879122177,强烈看涨,BUY,-1.2278624382207726,2.3991246797608667,26.13326320633773,3
GE,2026-02-23,338.99,314.68600000000004,312.5444,283.305,74.38788659793813,3,7.475983640341144,5.604361370716515,10,1.0342953597542393,5,18,中,5,15,7.723254291579533,8.461389805736404,7.723254291579533,3.3015543707025032,10,26.303984380321516,5,37.723254291579536,强,90.16120066703725,30,强,85.72325429157954,100,85.72325429157954,强烈看涨,BUY,-1.2324456616747304,7.475983640341144,15.353727838840303,4
TSM,2026-02-23,370.04,350.95950000000005,327.3388,269.2869,66.23641304347828,5,1.0044764712304755,6.074243944388713,10,1.1293961668002124,5,20,中,5,15,5.436667193793007,13.044955257366384,5.436667193793007,0.6166528828675251,10,27.07985309183233,5,35.43666719379301,强,83.65337272279669,30,强,85.436667193793,100,85.436667193793,强烈看涨,BUY,-0.13493819830517895,1.0044764712304755,10.50258309194614,5
MRK,2026-02-23,123.82,116.799,110.24780000000001,90.7525,75.93052109181139,3,1.9850094720369027,1.5500697121298979,10,1.056065766369749,5,18,中,5,15,6.0111816025822025,12.310631141845896,6.0111816025822025,0.2445962042378369,10,24.093753147541374,5,36.0111816025822,强,97.96255506607928,30,强,84.0111816025822,100,84.0111816025822,强烈看涨,BUY,1.2759692458694571,1.9850094720369027,14.457385838417448,6
UNP,2026-02-23,263.76,250.59649999999996,239.5932,228.94565000000003,84.34866361666265,3,1.1815252416756072,4.409785448499726,10,0.8674721738770592,5,18,中,5,15,5.2528666601488965,10.086596781544717,5.2528666601488965,0.9878943905981803,10,17.447525894667837,5,35.2528666601489,强,89.92035838725731,30,强,83.2528666601489,100,83.2528666601489,强烈看涨,BUY,-0.8793686583991045,1.1815252416756072,14.853037230568255,7
SYK,2026-02-23,384.73,365.0215,360.2508,374.74159999999995,65.49019607843141,5,5.103127987979783,7.379497055457862,10,0.8791459129157911,5,20,中,4,12,5.399271001845101,6.795043897196061,5.399271001845101,2.285214706999502,10,17.298141118457618,5,32.3992710018451,强,91.04016477857888,30,强,82.39927100184511,100,82.39927100184511,强烈看涨,BUY,1.183494200878421,5.103127987979783,8.362438035150976,8
ABBV,2026-02-23,229.48,224.17400000000004,223.9812,211.47635,54.460966542750924,10,-0.8725701943844588,2.7077831983171485,5,0.8945151184973484,5,20,中,5,15,2.366911417024255,2.4550274755202617,2.366911417024255,0.601699052793414,10,25.600562687948297,5,32.366911417024255,强,81.3753433677965,30,强,82.36691141702426,100,82.36691141702426,强烈看涨,BUY,2.0773097282149378,-0.8725701943844588,4.661132901578036,9
ASML,2026-02-23,1485.99,1425.1910050000001,1277.39709,964.803421,56.22071313362703,10,5.6433553010429405,5.16486082901042,10,1.078082880332981,5,25,强,5,15,4.266024328437287,16.329527570788507,4.266024328437287,-2.258618582318455,3,24.45313165976584,5,27.266024328437286,中,95.78107588483272,30,强,82.26602432843728,100,82.26602432843728,强烈看涨,BUY,1.1159575119591203,5.6433553010429405,6.979640615101079,10
MCD,2026-02-23,334.56,323.179,315.0328,307.23985,72.48246844319777,3,2.130777214726187,2.2618902066267266,10,1.0160530047015357,5,18,中,5,15,3.521577825291875,6.198465683573263,3.521577825291875,0.5408674692581643,10,19.004498780089087,5,33.52157782529187,强,95.68093385214003,30,强,81.52157782529187,100,81.52157782529187,强烈看涨,BUY,1.6189290161892744,2.130777214726187,8.184316895715437,11
CAT,2026-02-23,756.47,715.8145000000001,650.1326,498.5987,66.33120765245118,5,-2.2901059157840353,4.168273202974393,5,0.860311656209162,5,15,弱,5,15,5.679613922322048,16.356263322282256,5.679613922322048,0.283815174814535,10,32.24128019358666,5,35.67961392232205,强,80.45143465595936,30,强,80.67961392232205,100,80.67961392232205,强烈看涨,BUY,-0.43041040355911164,-2.2901059157840353,20.722287829944786,12
TMUS,2026-02-23,219.95,203.16400000000002,198.65439999999998,223.98487999999998,76.76962676962671,3,0.20501138952162545,11.42915041288819,10,0.8951005796297301,5,18,中,3,9,8.262290563288758,10.719923646292258,8.262290563288758,1.9754992360459873,10,33.0359468797839,5,32.26229056328876,强,89.42259181718698,30,强,80.26229056328876,100,80.26229056328876,强烈看涨,BUY,2.083913487422251,0.20501138952162545,18.23361823361822,13
TJX,2026-02-23,157.69,153.3075,154.749,140.39015,67.88772597526167,5,2.091156286417184,1.1741306300526055,10,1.2027115855864898,5,20,中,4,12,2.8586337915627045,1.900496933744323,2.8586337915627045,0.5856637615999725,10,20.917670417304937,5,29.858633791562703,中,81.06630211893362,30,强,79.85863379156271,100,79.85863379156271,看涨,BUY,-0.34127535865511316,2.091156286417184,2.903941529626719,14
LIN,2026-02-23,498.19,468.35249999999996,445.09200000000004,453.88635,71.55651286702188,3,3.5738045738045843,11.143583794395862,10,0.8219989451448683,5,18,中,4,12,6.370735717221546,11.929668473034777,6.370735717221546,2.7114367841316724,10,8.617567204353396,3,31.370735717221546,强,95.79133510167995,30,强,79.37073571722155,100,79.37073571722155,看涨,BUY,0.33836176512054283,3.5738045738045843,10.323980778173937,15
EOG,2026-02-23,122.31,115.2885,109.59559999999999,113.47705,76.30582891748672,3,1.3087053756315692,7.572559366754628,10,0.7304217132925781,5,16,弱,4,12,6.090373280943028,11.601195668439255,6.090373280943028,0.7944107926271209,10,30.456252686037782,5,33.09037328094303,强,80.29381965552179,30,强,79.09037328094303,100,79.09037328094303,看涨,BUY,-0.6256093597659995,1.3087053756315692,12.905012461921906,16
T,2026-02-23,28.52,26.903499999999998,25.2542,26.8019,74.8878923766816,3,-0.5925409550366023,5.123479542941389,5,1.2799550063167437,5,15,弱,4,12,6.008511903655666,12.931710368968325,6.008511903655666,0.05437427011734397,10,27.325051736965587,5,33.008511903655666,强,87.71653543307085,30,强,78.00851190365566,100,78.00851190365566,看涨,BUY,1.9299499642601914,-0.5925409550366023,20.89868588384909,17
BMY,2026-02-23,61.25,58.4785,56.05700000000001,49.121100000000006,72.67343485617596,3,0.8396443859071345,-1.1937409259557996,5,0.9801105926832233,5,13,弱,5,15,4.73934864950367,9.263785075904865,4.73934864950367,0.04430736796968193,10,18.296592736577495,5,34.73934864950367,强,89.79591836734697,30,强,77.73934864950367,100,77.73934864950367,看涨,BUY,0.9726343554236738,0.8396443859071345,12.07685269899359,18
SNDK,2026-02-23,666.49,591.2315000000001,423.4836,178.96012499999998,50.144712774085995,10,6.3728932584269815,11.462496864286308,10,0.9328297717185248,5,25,强,5,15,12.72910864864269,57.382718008442346,10.0,-4.116498100480591,3,85.07129996124553,3,30.0,强,78.38327114198101,22,中,77.0,100,77.0,看涨,BUY,2.5416557687277797,6.3728932584269815,40.6601523753245,19
CVX,2026-02-23,184.91,179.14100000000002,165.54240000000001,154.54235,67.8477690288714,5,0.636769347991728,2.239301116885972,10,0.7410237753869949,5,20,中,5,15,3.2203683132281142,11.69948001237144,3.2203683132281142,-0.3234468942032276,3,20.706208909830245,5,26.220368313228114,中,85.92941176470585,30,强,76.22036831322811,100,76.22036831322811,看涨,BUY,0.5328113956396319,0.636769347991728,10.910508637236083,20
RTX,2026-02-23,201.92,200.0645,192.5682,165.332825,51.29809196121361,10,0.9297210836748837,1.6409946642504725,10,0.6814177589738332,5,23,中,5,15,0.9274508970856788,4.856357384033292,0.9274508970856788,0.002424113359117186,10,19.422001107338733,5,30.927450897085677,强,64.76190476190469,22,中,75.92745089708568,100,75.92745089708568,看涨,BUY,-1.4639859457349247,0.9297210836748837,3.0572143112336025,21
JNJ,2026-02-23,245.84,236.685,220.98640000000003,186.06775000000002,75.4468802698145,3,0.9817210926268194,2.4376015667319395,10,0.9328993651313414,5,18,中,5,15,3.86801022456007,11.246664953137374,3.86801022456007,-0.0586553991988481,3,16.37793421036716,5,26.86801022456007,中,95.84569732937685,30,强,74.86801022456007,100,74.86801022456007,看涨,BUY,1.3815002680522825,0.9817210926268194,11.674389025165821,22
AMT,2026-02-23,190.05,180.9325,178.1426,195.91655000000003,68.30907054871221,5,-1.0671525247267,10.965142757050273,5,1.0978293631689309,5,15,弱,3,9,5.039172066931041,6.684195694909597,5.039172066931041,1.1157818905036079,10,32.85759675515785,5,29.03917206693104,中,85.6856455493184,30,强,74.03917206693104,100,74.03917206693104,看涨,BUY,1.4628156531952374,-1.0671525247267,6.321678321678337,23
LRCX,2026-02-23,242.27,233.11599999999999,207.7718,138.93519999999998,52.72976994391668,10,2.861631214707261,4.874247868057657,10,1.131106553392519,5,25,强,5,15,3.9268003912215486,16.603889459493537,3.9268003912215486,-0.3217857995343181,3,31.637933201885605,5,26.926800391221548,中,79.70401691331925,22,中,73.92680039122155,100,73.92680039122155,看涨,BUY,-1.0819859545974087,2.861631214707261,11.163623015508861,24
HON,2026-02-23,243.06,234.91,216.06939999999997,215.44940000000003,74.91961414791,3,0.6959980114342512,1.9632519506669999,10,0.88573880356537,5,18,中,5,15,3.469413818057982,12.491634632206148,3.469413818057982,-0.42982158696595363,3,13.585314424891926,3,24.469413818057983,中,90.13919168203924,30,强,72.46941381805799,100,72.46941381805799,看涨,BUY,-0.3729966799196571,0.6959980114342512,9.753454348415058,25
LLY,2026-02-23,1058.5601,1036.60701,1052.047,868.8012999999999,51.71562117539802,10,1.7846249999999841,0.03591071122956979,10,1.4549545829665844,5,27,强,4,12,2.1177832860690358,0.6190883106933336,2.1177832860690358,0.0984522641052008,10,33.09102218070846,5,29.117783286069034,中,53.96121906660015,15,中,71.11778328606903,100,71.11778328606903,看涨,BUY,4.857764085902194,1.7846249999999841,-0.5383776978079347,26
AVGO,2026-02-23,330.34,330.117,340.0316,316.13065,49.59401033428238,10,1.5899375711166286,-0.7749609515799727,5,0.9538469094723379,5,20,中,3,9,0.06755180738948807,-2.8502056867655976,5.0,1.0909939599546474,10,30.407229477372105,5,29.0,中,61.430575035063086,22,中,71.0,100,71.0,看涨,BUY,-0.6944235683150501,1.5899375711166286,3.2151226370879415,27
MU,2026-02-23,420.97,408.972,348.00440000000003,201.1404,45.63605248146037,10,2.2615750862362116,6.6583901289619885,10,0.9223978073615364,5,25,强,5,15,2.9336971724225736,20.966861338534798,2.9336971724225736,-1.9169849098994902,3,66.1873644359334,3,22.933697172422573,中,62.303081911374605,22,中,69.93369717242257,100,69.93369717242257,看涨,BUY,-1.6815750753205516,2.2615750862362116,5.334667834355078,28
SLB,2026-02-23,51.24,50.196999999999996,45.3284,37.5651,62.70916334661354,5,1.6868426275054693,1.0650887573964374,10,0.7362423383660656,5,20,中,5,15,2.077813415144344,13.041713362924789,2.077813415144344,-0.24963877516668576,3,26.751329325931106,5,25.077813415144345,中,77.3307163886163,22,中,67.07781341514435,100,67.07781341514435,看涨,BUY,0.7669616519174083,1.6868426275054693,4.252288911495428,29
XOM,2026-02-23,150.76,145.9315,132.0982,116.62955000000002,64.89156626506022,5,1.556079488043105,1.1472660181147232,10,0.7886464963119633,5,20,中,5,15,3.3087441710665555,14.12721747911781,3.3087441710665555,-0.6388755834322986,3,35.98662180292796,3,23.308744171066557,中,72.89103690685408,22,中,65.30874417106656,100,65.30874417106656,看涨,BUY,2.3628462791960736,1.556079488043105,11.698896050974295,30
TXN,2026-02-23,219.86,219.2265,197.59220000000002,188.78955000000002,42.24163904790603,10,-2.7856384860275862,-0.713511560693636,3,1.29314642973954,5,20,中,5,15,0.2889705396017482,11.269574406277167,0.2889705396017482,-1.660535609369374,3,24.068323263443368,5,23.28897053960175,中,70.52469135802474,22,中,65.28897053960175,100,65.28897053960175,看涨,BUY,0.059163518864080444,-2.7856384860275862,13.734416222647571,31
PM,2026-02-23,187.22,182.0195,169.8568,166.95285,63.055954088952674,5,-0.15465841821769022,2.4123406815819592,5,1.231905010893204,5,17,弱,5,15,2.8571114633322283,10.222257807753358,2.8571114633322283,-0.47386262326143225,3,20.809275699508724,5,25.857111463332227,中,78.9553809299931,22,中,64.85711146333223,100,64.85711146333223,中性偏强,HOLD,2.0828789531079472,-0.15465841821769022,8.207143682811235,32
KLAC,2026-02-23,1487.66,1470.79649,1390.721194,1079.1138225000002,59.587255072391784,10,1.6070977303927814,3.098513462004915,10,1.237486588744299,5,25,强,5,15,1.146556312491617,6.970398266613323,1.146556312491617,-1.036584854983989,3,23.79091974900783,5,24.14655631249162,中,49.624060150375975,15,中,64.14655631249161,100,64.14655631249161,中性偏强,HOLD,-0.5574866310160353,1.6070977303927814,-1.660519044408304,33
PFE,2026-02-23,27.06,26.822499999999998,25.974800000000002,24.91985,53.649635036496335,10,-1.8854242204496052,-0.5878030859661987,3,0.969691203023052,5,18,中,5,15,0.8854506477770555,4.1778954987141255,0.8854506477770555,-0.06189370767107344,3,19.010216103669997,5,23.885450647777056,中,67.16417910447751,22,中,63.885450647777056,100,63.885450647777056,中性偏强,HOLD,1.538461538461533,-1.8854242204496052,5.4970760233918226,34
CMCSA,2026-02-23,31.63,30.744500000000006,29.6098,31.510975000000002,73.0769230769231,3,0.1900538485904324,0.8288173414089828,10,0.8190663396555304,5,18,中,4,12,2.88018995267444,6.822741119494219,2.88018995267444,-0.019544356386701156,3,18.192715173833047,5,22.880189952674442,中,76.77725118483416,22,中,62.88018995267444,100,62.880189952674435,中性偏强,HOLD,0.9253350350989065,0.1900538485904324,7.95221843003413,35
COP,2026-02-23,109.88,106.72999999999999,99.96259999999998,93.80315,66.05795950774115,5,-1.391007807592215,2.0999814160936436,5,0.6474913185660376,5,13,弱,5,15,2.951372622505393,9.921110495325268,2.951372622505393,-0.04291982811036865,3,26.17078032179997,5,25.951372622505392,中,75.54585152838426,22,中,60.95137262250539,100,60.95137262250538,中性偏强,HOLD,-0.5880756355740591,-1.391007807592215,11.72343670564311,36
SQ,2025-01-17,86.96,87.413,88.56700000000001,72.9078,42.141863699582736,10,5.354979403925353,0.24207492795387253,10,0.9598075025332972,5,25,强,2,6,-0.5182295539565087,-1.814445560987742,5.0,-0.3888873223460271,3,52.36694055613489,3,20.48177044604349,弱,43.38896020539148,15,中,60.48177044604349,100,60.48177044604349,中性偏强,HOLD,0.6714517249363228,5.354979403925353,-8.027498677948175,37
ISRG,2026-02-23,492.1,497.2285,535.3081,515.2962,47.6278307203607,10,1.2884900378725694,0.8091775069138718,10,1.1314065923612484,5,25,强,1,3,-1.0314171452360381,-8.07163201901857,5.0,3.2130253291466175,10,27.493708711924135,5,26.968582854763962,中,38.10506268846216,8,弱,59.968582854763966,100,59.968582854763966,中性偏强,HOLD,-2.3707965479615067,1.2884900378725694,-6.085994007519224,38
UPS,2026-02-23,115.02,113.78399999999999,107.62019999999998,96.58285000000002,61.29339039467427,5,-3.5390808453539035,-1.9771603886142852,3,1.0992440565757413,5,13,弱,5,15,1.0862687196793963,6.875846727658947,1.0862687196793963,-0.4693361150322066,3,22.82661463118446,5,24.086268719679396,中,60.73326248671624,22,中,59.086268719679396,100,59.08626871967939,中性偏强,HOLD,-1.4649190439475768,-3.5390808453539035,6.519725875162052,39
AAPL,2026-02-23,266.18,265.93850000000003,265.89259999999996,241.51409999999998,46.47004608294933,10,4.0659942137774685,-4.293110887386742,5,0.9193893521790111,5,20,中,5,15,0.0908104693378257,0.10808875463252751,0.0908104693378257,-0.41136777081484155,3,35.64916776157745,3,20.090810469337825,弱,52.660343996142146,15,中,55.090810469337825,100,55.090810469337825,中性偏强,HOLD,0.6047320281200586,4.0659942137774685,7.3133365586195875,40
WMT,2026-02-23,125.81,125.3375,119.259,105.45655000000001,52.526710944267975,10,-6.034804690417495,-4.093611831071808,3,0.719699784350809,5,18,中,5,15,0.37698214819985765,5.493086475653831,0.37698214819985765,-0.7945647288475275,3,36.66266458840974,3,20.376982148199858,弱,53.77407600208226,15,中,53.37698214819986,100,53.37698214819986,中性偏强,HOLD,2.29286933897066,-6.034804690417495,6.8631614711628375,41
COST,2026-02-23,986.02,982.4245000000001,932.7898,951.6207245,56.134500486313726,10,-3.1871023485979144,-1.5122457948779422,3,0.8699574055059158,5,18,中,4,12,0.3659823223056735,5.706558969662829,0.3659823223056735,-3.119298557909026,3,23.310496805829512,5,20.365982322305673,弱,56.77609208894645,15,中,53.36598232230567,100,53.36598232230567,中性偏强,HOLD,0.07612126625189397,-3.1871023485979144,0.28171878972793607,42
SHOP,2026-02-23,117.28,123.32849999999999,146.274,138.6894,40.435897435897445,10,4.063886424134866,4.6675591253904525,10,0.8713550890736451,5,25,强,1,3,-4.904381387919249,-19.821704472428454,5.0,1.555760253191961,10,89.62584679354093,3,20.095618612080752,弱,31.514533401325867,8,弱,53.095618612080756,100,53.095618612080756,中性偏强,HOLD,-7.068145800316961,4.063886424134866,-14.946696642251055,43
SBUX,2026-02-23,94.78,95.78299999999999,91.2594,88.35367500000001,56.22732769044741,10,1.055549632156949,-4.695827048768231,5,1.0432031671560453,5,20,中,4,12,-1.0471586816031928,3.8577943751547807,5.0,-0.43653119502152493,3,29.87161180527701,5,25.0,中,29.295774647887324,8,弱,53.0,100,53.0,中性偏强,HOLD,-2.7797722843368455,1.055549632156949,-2.909239909854544,44
PYPL,2026-02-23,44.05,44.9765,53.26674,65.45465999999999,30.79777365491651,5,9.332340531149175,8.98070262246411,10,2.3381428439966143,10,25,强,0,0,-2.0599646482051837,-17.30299244894657,5.0,0.5071804645950619,10,41.38110319776573,3,19.940035351794815,弱,29.95712754555197,8,弱,52.94003535179482,100,52.940035351794826,中性偏强,HOLD,5.762304921968786,9.332340531149175,-22.200635817732252,45
ELV,2026-02-23,335.87,340.54800000000006,352.0492,340.98004999999995,45.88625069022642,10,-3.1516724336793533,-0.9174582571243151,3,0.9610556629902473,5,18,中,1,3,-1.3736683228208808,-4.5957212798665585,5.0,0.716977860300994,10,31.04038493216768,5,26.626331677179117,中,32.407113369323625,8,弱,52.62633167717912,100,52.62633167717912,中性偏强,HOLD,-2.058729186714492,-3.1516724336793533,-9.483641459602222,46
MMM,2026-02-23,166.34,164.3455,163.93900000000002,157.70845,65.69414053002671,5,-3.1893842393202143,-3.6547929336808616,3,0.8325722775087061,5,13,弱,5,15,1.213601832724362,1.464569138521024,1.213601832724362,-0.061747102286191735,3,23.585979705836454,5,24.21360183272436,中,58.78629932985853,15,中,52.213601832724365,100,52.213601832724365,中性偏强,HOLD,-0.4309828804022531,-3.1893842393202143,2.2498155888861504,47
PGR,2026-02-23,203.69,205.387,213.28560000000002,238.24495,50.867823765020034,10,-0.4106976971593457,0.6920757328587657,5,0.9769496314834355,5,20,中,0,0,-0.8262450885401719,-4.498944138751054,5.0,0.4198804132169993,10,23.775272308043366,5,24.173754911459827,中,33.30447330447333,8,弱,52.173754911459824,100,52.173754911459824,中性偏强,HOLD,-0.19110152881224307,-0.4106976971593457,-1.135756928602627,48
HDB,2026-02-23,32.69,33.1335,33.9844,51.6954,40.143369175627235,10,0.5227552275522518,-5.136390017411497,5,0.8353353823780714,5,20,中,0,0,-1.3385244541023442,-3.8088063935217424,5.0,0.005786764590274218,10,22.538180156179095,5,23.661475545897655,中,26.859504132231326,8,弱,51.66147554589766,100,51.66147554589766,中性偏强,HOLD,-1.2088244182532626,0.5227552275522518,1.965065502183383,49
ABNB,2026-02-23,122.96,125.16975,130.7457,128.490825,39.32225063938618,5,1.3267408323032637,0.638402357177914,10,1.0049072427003107,5,20,中,1,3,-1.7654025832918894,-5.954842109530184,5.0,0.4762312959371404,10,39.909134636831155,3,23.234597416708112,中,39.146149347467556,8,弱,51.23459741670811,100,51.23459741670812,中性偏强,HOLD,-3.8548752834467126,1.3267408323032637,-6.954218690881586,50
LOW,2026-02-23,274.36,277.28550000000007,263.98060000000004,244.54269999999997,55.81395348837209,10,-4.533908625909033,-1.4440692578489789,3,1.2545564004227454,5,18,中,4,12,-1.0550497591832446,3.9318798426854,5.0,-1.3000468242339585,3,24.45959078199866,5,25.0,中,38.46639837577622,8,弱,51.0,100,51.0,中性偏强,HOLD,-2.140105578541873,-4.533908625909033,-0.8564304556788249,51
BLK,2026-02-23,1071.01,1088.11299,1092.682,1081.378901,39.17686318131257,5,-0.04666312026953001,1.3849183059126302,5,1.0159176618522843,5,15,弱,1,3,-1.5718027591969184,-1.983376682328438,5.0,-0.393111117927325,3,25.92831666166652,5,19.42819724080308,弱,43.388496143958854,15,中,49.42819724080308,100,49.42819724080308,中性偏弱,HOLD,-2.0692366775172943,-0.04666312026953001,-5.212804559655204,52
CSCO,2026-02-23,77.74,80.224,77.8642,71.09275,44.72343522561862,10,1.1581001951854297,-8.347087950954958,5,1.0390095707666829,5,20,中,3,9,-3.0963302752293687,-0.1595084775801997,5.0,-0.5830161881614675,3,68.08333155689262,3,20.90366972477063,弱,29.258381307145225,8,弱,48.90366972477063,100,48.90366972477063,中性偏弱,HOLD,-1.843434343434358,1.1581001951854297,4.223086204585047,53
GOOGL,2026-02-23,311.49,322.6935,320.1278,246.46975000000003,24.032258064516114,7,1.887347900039238,-3.521650250882735,5,0.8816720437497901,5,17,弱,3,9,-3.47187036615239,-2.6982348924398227,5.0,-2.0605784454345497,3,28.173110224551014,5,23.52812963384761,中,28.890995260663527,8,弱,48.52812963384761,100,48.52812963384761,中性偏弱,HOLD,-1.1080068575782587,1.887347900039238,-5.013265026072633,54
HD,2026-02-23,376.99,382.477,368.9508,376.67615,48.95698726232232,10,-3.5954481524101745,-2.1186550694534567,3,1.4555320336268527,5,18,中,3,9,-1.4345960672144906,2.1789355111846875,5.0,-1.6982163161050572,3,20.32475856917393,5,22.0,中,29.772031303164354,8,弱,48.0,100,48.0,中性偏弱,HOLD,-1.376062786134724,-3.5954481524101745,-1.7666831696067864,55
QCOM,2026-02-23,140.41,144.803,160.9444,160.78215,33.879059941906476,5,-0.20611229566452893,2.235328382117374,5,0.8720665211572308,5,15,弱,1,3,-3.033776924511233,-12.75869182152346,5.0,0.8312569903276055,10,21.25066066487561,5,24.966223075488767,中,31.986672219908375,8,弱,47.96622307548877,100,47.96622307548877,中性偏弱,HOLD,-1.7287234042553168,-0.20611229566452893,-9.88961622384803,56
NKE,2026-02-23,63.09,63.25899999999999,63.7258,67.3744,52.47417074497011,10,-0.06336131791541133,-1.2984981226533132,3,1.0376693962610413,5,18,中,0,0,-0.2671556616449673,-0.9977120726613022,5.0,0.21571505674944647,10,35.00340765954315,3,21.732844338355033,弱,33.00248138957823,8,弱,47.73284433835504,100,47.73284433835504,中性偏弱,HOLD,-3.5321100917431236,-0.06336131791541133,-2.9981549815498165,57
UNH,2026-02-23,282.34,287.171,316.9928,317.42325,47.42022543260835,10,-3.700671919233267,2.056750406651009,5,1.1367919676201677,5,20,中,0,0,-1.6822729314589626,-10.931730941522968,5.0,2.053020726345393,10,27.81495138088679,5,23.31772706854104,中,18.13559322033893,3,弱,46.31772706854104,100,46.31772706854104,中性偏弱,HOLD,-2.641379310344838,-3.700671919233267,-20.748891259192725,58
GS,2026-02-23,892.31,925.9780000000001,921.0798,775.9860000000001,38.779494848786975,5,-1.4174602823872617,-3.9235531628532994,3,1.2200270184680726,5,13,弱,3,9,-3.6359395147617026,-3.1234861517970574,5.0,-4.205247209054279,3,33.07211245756705,5,23.364060485238298,中,23.453063688499796,8,弱,44.3640604852383,100,44.3640604852383,中性偏弱,HOLD,-3.245359125607228,-1.4174602823872617,-2.8915636426954605,59
BA,2026-02-23,230.44,238.473,230.72220000000002,217.6381,46.89306358381501,10,-5.153111623312478,-5.180430399539149,3,1.0167662448866333,5,17,弱,3,9,-3.3685155132866256,-0.12231159376948439,5.0,-1.864866886164858,3,23.458218972100624,5,23.631484486713376,中,11.098758500682239,3,弱,43.631484486713376,100,43.631484486713376,中性偏弱,HOLD,-0.6852562168685128,-5.153111623312478,-8.609954392226848,60
DHR,2026-02-23,210.92,217.89599999999996,226.6818,209.6473,34.15314401622716,5,-0.7808824912974077,-2.626840866072677,3,0.4802974697392972,5,13,弱,2,6,-3.201527334141045,-6.953271061020347,5.0,-0.6472544207280402,3,23.872903413071008,5,20.798472665858956,弱,26.326963906581703,8,弱,41.79847266585895,100,41.79847266585895,中性偏弱,HOLD,0.6778042959427077,-0.7808824912974077,-10.250627632866694,61
TSLA,2026-02-23,399.83,417.6625,440.034,388.36075000000005,37.44287020109688,5,-4.218570333461102,-2.7437911994356856,3,1.2258448119090366,5,13,弱,2,6,-4.269595666357414,-9.136566719844378,5.0,-0.44775322133124895,3,25.755057863084325,5,19.730404333642586,弱,21.386354507373614,8,弱,40.73040433364258,100,40.73040433364258,中性偏弱,HOLD,-2.9114661745422765,-4.218570333461102,-10.962900280586119,62
JPM,2026-02-23,297.67,308.803,314.5908,298.41965000000005,42.64230498945889,10,-1.612956536109733,-7.670595533498748,3,1.485970758156574,5,18,中,1,3,-3.6052110892705,-5.378669687734029,5.0,-0.696695008104365,3,28.494302720811465,5,17.3947889107295,弱,8.210862619808298,3,弱,38.3947889107295,100,38.3947889107295,中性偏弱,HOLD,-4.2215000482641045,-1.612956536109733,-0.01679430337230281,63
DIS,2026-02-23,104.41,107.34099999999998,110.52120000000001,113.30295,49.92927864214992,10,-0.9862494073020422,-3.9466421343146374,3,1.144547063142058,5,18,中,0,0,-2.730550302307584,-5.529436886316843,5.0,-0.12507551568996678,3,38.359213220273546,3,12.269449697692416,弱,28.427672955974852,8,弱,38.269449697692416,100,38.269449697692416,中性偏弱,HOLD,-1.1081644250805045,-0.9862494073020422,-5.91998558298793,64
TMO,2026-02-23,516.44,550.8799999999999,578.4064,506.4847500000001,20.88940379645311,7,2.3018105463333605,-4.861558867417049,5,0.7228722908200619,5,17,弱,2,6,-6.2518152773743525,-10.713297778171182,5.0,-3.205671880427051,3,26.503074921693987,5,17.74818472262565,弱,16.28455110349266,3,弱,37.74818472262565,100,37.74818472262565,中性偏弱,HOLD,1.078425616033507,2.3018105463333605,-17.49896162816703,65
ZM,2026-02-23,86.06,91.94775,88.4449,82.19565,38.45240115391142,5,-7.0626349892008555,-6.6594360086767885,3,1.7133885708725298,5,12,弱,3,9,-6.403364954552989,-2.6964810859642574,5.0,-0.7045083221996218,3,42.81006724062465,3,17.59663504544701,弱,22.10953346855982,8,弱,37.59663504544701,100,37.59663504544701,中性偏弱,HOLD,-4.68490419758556,-7.0626349892008555,0.32641641408253097,66
ROKU,2026-02-23,84.42,92.218,102.1867,93.21700000000001,35.07614213197968,5,-6.262491672218518,-1.6656959813628358,3,0.862309415819056,5,13,弱,1,3,-8.45604979505086,-17.38650920325248,5.0,0.03611358330754566,10,68.53308870489623,3,16.54395020494914,弱,20.164327285176313,8,弱,37.54395020494914,100,37.54395020494914,中性偏弱,HOLD,-5.209970806198072,-6.262491672218518,-20.530923467946906,67
C,2026-02-23,110.75,116.1095,116.3432,98.2651,42.435118718939805,10,-0.09922424679775776,-9.731844486103181,3,1.4268886098923448,5,18,中,2,6,-4.615901368966361,-4.807500567287127,5.0,-0.6192518104479054,3,43.97667168645722,3,16.384098631033638,弱,14.072748956469885,3,弱,37.38409863103364,100,37.38409863103364,中性偏弱,HOLD,-4.525862068965514,-0.09922424679775776,-2.5002200897966453,68
BAC,2026-02-23,51.07,53.5665,54.262,50.19455,36.666666666666664,5,-2.8163653663177857,-9.658588360162746,3,1.2807937246644934,5,13,弱,2,6,-4.660562105046993,-5.882569754155763,5.0,-0.2567050416260898,3,26.076599517698757,5,19.339437894953008,弱,3.0100334448160506,3,弱,35.33943789495301,100,35.33943789495301,中性偏弱,HOLD,-3.7504711647191935,-2.8163653663177857,-1.2567672080433079,69
WFC,2026-02-23,85.15,89.787,91.43980000000002,83.52074999999999,32.93384467881114,5,-2.1039319383766353,-9.385974247100126,3,1.5634583419699497,5,13,弱,2,6,-5.164444741443639,-6.878623968993821,5.0,-0.4538107292166189,3,33.577715008129786,5,18.83555525855636,弱,12.152010605391077,3,弱,34.83555525855636,100,34.83555525855636,看跌,SELL,-4.002254791431792,-2.1039319383766353,-2.0814167433302555,70
AMZN,2026-02-23,205.27,219.95249999999996,228.06439999999998,224.07315,18.763467594894763,7,3.259721313949404,-2.4011030810193956,5,0.9706251488258731,5,17,弱,1,3,-6.675304895375116,-9.994720789391053,5.0,-0.9704847532299654,3,26.050685782468,5,14.324695104624883,弱,17.904394012554338,3,弱,34.32469510462488,100,34.32469510462488,看跌,SELL,-2.3035552805673265,3.259721313949404,-14.170429837765507,71
AMD,2026-02-23,196.6,219.71149999999997,219.32219999999998,184.5038,26.559697970740928,7,-5.170750530580747,-5.680291690654382,3,0.8823975182348812,5,14,弱,3,9,-10.519021535058465,-10.360191535558183,5.0,-2.585072378994532,3,33.081831456887976,5,17.0,弱,8.422886185034184,3,弱,34.0,100,34.0,看跌,SELL,-1.7736697476892438,-5.170750530580747,-24.29143561306224,72
PLTR,2026-02-23,130.6,142.3915,165.1954,161.14792500000001,38.76963350785342,5,-0.6163914466174591,-3.899926416482713,3,1.0235488109597737,5,13,弱,1,3,-8.281042056583443,-20.942108557502213,5.0,0.3524905301722292,10,47.79261608050299,3,16.718957943416555,弱,9.846203096678765,3,弱,32.718957943416555,100,32.718957943416555,看跌,SELL,-3.4309375924282848,-0.6163914466174591,-22.99528301886793,73
NFLX,2026-02-23,76.02,80.5605,87.0336,835.2904740000001,33.43166175024581,5,-1.1057629764537613,-7.518248175182485,3,1.150259162745569,5,13,弱,0,0,-5.636136816429898,-12.654423119347022,5.0,3.0510176705552876,10,37.14560199580701,3,16.363863183570103,弱,8.466051969823903,3,弱,32.3638631835701,100,32.3638631835701,看跌,SELL,-3.368501334689211,-1.1057629764537613,-11.727821644217384,74
META,2026-02-23,637.25,669.7025000000001,656.6247999999999,690.435775,24.5473281319005,7,-0.3938915547774924,-3.6600852659268934,3,0.715383942566328,5,13,弱,1,3,-4.845808399998521,-2.9506652809945555,5.0,-4.184035062878446,3,27.46286501763841,5,16.15419160000148,弱,7.858961633075842,3,弱,32.15419160000148,100,32.15419160000148,看跌,SELL,-2.807857731141139,-0.3938915547774924,-3.2652255753233383,75
INTC,2026-02-23,43.63,46.9375,43.648199999999996,31.8525,31.0948905109489,5,-6.753579824748868,-13.75765961652501,3,0.8121931448171181,5,12,弱,3,9,-7.046604527296932,-0.04169702301582451,5.0,-0.8292324602676139,3,36.85970057515733,3,16.95339547270307,弱,14.704286489419463,3,弱,31.95339547270307,100,31.95339547270307,看跌,SELL,-1.088188619360686,-6.753579824748868,-3.1950299534058035,76
UBER,2026-02-23,70.72,75.39349999999999,79.9728,88.74504999999999,25.743048897411285,7,1.043006143734826,-5.41661094021666,5,1.174463836193614,5,17,弱,0,0,-6.198810242262252,-11.569933777484353,5.0,-0.019648780349270645,3,34.99384709792828,5,11.801189757737749,弱,11.879804332634539,3,弱,31.80118975773775,100,31.801189757737745,看跌,SELL,-4.251286217167616,1.043006143734826,-14.080913619244328,77
MS,2026-02-23,166.8,177.8405,180.06939999999997,156.38774999999998,31.866825208085615,5,-2.5416301489921134,-7.312736163591904,3,1.2162110423006482,5,13,弱,2,6,-6.208090957908902,-7.369047711604505,5.0,-0.945605392971296,3,42.630359380951155,3,14.791909042091099,弱,12.793941809485881,3,弱,30.7919090420911,100,30.7919090420911,看跌,SELL,-4.908500085513934,-2.5416301489921134,-6.815642458100557,78
NOW,2026-02-23,100.8,111.05850000000001,211.8648,753.8939000000001,32.113144758735444,5,-5.864774000747108,0.059559261465169655,5,1.2270944693158385,5,15,弱,0,0,-9.237023730736514,-52.42248830386171,5.0,10.58911913476868,10,50.576187975734165,3,12.762976269263486,弱,7.248252653378197,3,弱,30.762976269263486,100,30.762976269263486,看跌,SELL,-3.327898724465328,-5.864774000747108,-24.273157538877633,79
V,2026-02-23,306.52,324.762,335.92620000000005,343.9022,26.472614536686194,7,-2.407030056036674,-7.557753784908616,3,1.5708770939303613,5,15,弱,0,0,-5.617036475942387,-8.753767940696518,5.0,-1.0790074701362613,3,30.882480405985703,5,12.382963524057612,弱,5.519233693173174,3,弱,30.38296352405761,100,30.38296352405761,看跌,SELL,-4.4960274186010345,-2.407030056036674,-6.027346863694905,80
FTNT,2026-02-23,75.6,82.089,80.4842,88.16255,41.238065906991054,10,-11.64095371669005,-8.65152247462544,3,1.3201191340079002,5,17,弱,1,3,-7.904834996162707,-6.068520280999261,5.0,-0.7195532567721588,3,50.59684676566887,3,10.095165003837293,弱,6.776622445320858,3,弱,30.095165003837295,100,30.095165003837295,看跌,SELL,-5.500000000000005,-11.64095371669005,-7.3983341499265105,81
MA,2026-02-23,496.03,533.1755,550.3748,563.1819,22.166979362101245,7,-4.307816961185285,-9.605642016255434,3,1.6687032619361823,5,15,弱,0,0,-6.966843000100358,-9.874143946997586,5.0,-2.6665631334002633,3,34.53474082902593,5,11.033156999899642,弱,8.384327564415377,3,弱,29.033156999899642,100,29.03315699989964,看跌,SELL,-5.771166961113961,-4.307816961185285,-5.471281015359997,82
CRM,2026-02-23,178.16,198.42649999999998,231.13980000000004,248.92345,24.222327490920577,7,-6.093189964157708,-6.893127776326102,3,1.3040381743506957,5,14,弱,0,0,-10.213605541598517,-22.921106620322433,5.0,0.15384186455900561,10,37.301223361552395,3,12.0,弱,5.868889978747757,3,弱,29.0,100,28.999999999999996,看跌,SELL,-3.7805141499243855,-6.093189964157708,-21.876781407586066,83
MSFT,2026-02-23,384.47,417.544,451.98,486.63759999999996,28.436807095343696,7,-4.1986444732383,-4.155656379318929,3,1.3445594133656762,5,15,弱,0,0,-7.921081371065075,-14.936501615115711,5.0,-0.5111583659827943,3,26.573008029750522,5,10.078918628934925,弱,1.3612877583465866,3,弱,28.078918628934925,100,28.07891862893492,看跌,SELL,-3.212244795206809,-4.1986444732383,-17.486854812748142,84
ORCL,2026-02-23,141.31,157.53799999999998,178.34080000000003,220.71375,37.98539023452518,5,-11.758461346321958,-1.0572748914717711,3,1.4332730090538786,5,13,弱,0,0,-10.301006741230676,-20.764065205494212,5.0,0.4068949514261586,10,69.60285295875957,3,12.0,弱,12.105473431881746,3,弱,28.0,100,28.000000000000004,看跌,SELL,-4.571853052404117,-11.758461346321958,-20.235944908557236,85
SNOW,2026-02-23,157.6,182.074,203.8786,218.5287,34.93899107630668,5,-13.54435240550771,-6.429970907795535,3,1.8511423418009416,5,12,弱,0,0,-13.441787405121003,-22.69909642306746,5.0,0.028740650668597212,10,70.12311342313193,3,12.0,弱,3.280626570119696,3,弱,27.0,100,27.0,看跌,SELL,-8.637681159420296,-13.54435240550771,-24.841432590967617,86
TWLO,2026-02-23,108.5,116.729,127.275,118.6258,38.52295409181637,5,-3.9823008849557473,-5.668579377499561,3,1.1150331451976054,5,13,弱,1,3,-7.049662037711279,-14.751522294244749,5.0,-0.011939681686794934,3,52.25792854449741,3,10.950337962288721,弱,10.72303921568628,3,弱,26.95033796228872,100,26.950337962288724,看跌,SELL,-4.101113664486478,-3.9823008849557473,-15.43257989088076,87
MDB,2026-02-23,305.37,362.73,394.6542,302.122975,33.9409266593501,5,-17.109120521172628,-11.319878031073038,3,1.9040680402685448,5,12,弱,2,6,-15.813414936729803,-22.623400435115094,5.0,-2.7099902665891484,3,79.17661141526709,3,11.0,弱,5.7434538653366625,3,弱,26.0,100,26.0,看跌,SELL,-11.373926166705361,-17.109120521172628,-23.406656801023352,88
AXP,2026-02-23,321.24,350.9175,364.2122,333.92465000000004,31.03158400384295,5,-4.817777777777776,-10.555478212446046,3,2.003010473651281,5,13,弱,1,3,-8.457115988800789,-11.798671214198752,5.0,-1.957062611681466,3,43.25080841585054,3,9.542884011199211,弱,7.812798471824317,3,弱,25.542884011199213,100,25.542884011199213,看跌,SELL,-7.204344560633191,-4.817777777777776,-11.18361027399154,89
ADBE,2026-02-23,246.68,273.6365,310.00100000000003,348.96297500000003,21.286276438760453,7,-6.549986740917535,-8.085550339071457,3,1.3550952532514702,5,14,弱,0,0,-9.851207715344994,-20.426063141731806,5.0,-0.10245146315390308,3,30.57156921276291,5,8.148792284655006,弱,3.0569105691056837,3,弱,25.148792284655006,100,25.14879228465501,看跌,SELL,-4.613124009125713,-6.549986740917535,-18.065566147407573,90
IBM,2026-02-23,223.35,281.29499999999996,293.8392,280.2736,13.02799805793822,7,-14.875371598445009,-25.28351118991069,3,2.5648058075580327,5,14,弱,1,3,-20.599370767343885,-23.989038902910167,5.0,-5.367675348896736,3,69.45261536794428,3,8.0,弱,2.651744303286949,3,弱,25.0,100,25.0,看跌,SELL,-13.147456836210925,-14.875371598445009,-23.62535904800985,91
SPGI,2026-02-23,404.78,455.517,497.30979999999994,510.4965,17.926498225099195,7,-1.1622796308053074,-7.853760699326173,3,0.8133016390178898,5,15,弱,0,0,-11.138332927201406,-18.606068088744678,5.0,-2.439377385964118,3,58.75607787161103,3,5.0,弱,14.741897522343415,3,弱,23.0,100,23.0,看跌,SELL,-3.0420618951806144,-1.1622796308053074,-24.1431007664774,92
PANW,2026-02-23,144.14,165.6675,178.47619999999998,192.36557500000004,25.166719593521734,7,-13.662773285414797,-9.527993974391169,3,1.0067510256933927,5,14,弱,0,0,-12.994401436612495,-19.238531524091165,5.0,-1.6511068636497503,3,47.495996822323626,3,5.0,弱,1.8225211542633444,3,弱,22.0,100,22.0,看跌,SELL,-3.066577000672499,-13.662773285414797,-20.002220002220017,93
OKTA,2026-02-23,69.51,84.71900000000001,87.8936,93.3665,26.177072671443213,7,-20.34150813660325,-19.863961263546216,3,1.2766819962728135,5,14,弱,0,0,-17.952289332971354,-20.915743580875056,5.0,-1.5368576479629306,3,62.068608954341784,3,5.0,弱,3.0923526953615084,3,弱,22.0,100,22.0,看跌,SELL,-6.434244178220483,-20.34150813660325,-23.413397972675188,94
CRWD,2026-02-23,350.33,420.91700000000003,451.735,470.8725,29.672070913516706,7,-18.459640629364117,-11.420986093552465,3,2.3110072116467957,5,14,弱,0,0,-16.76981447648825,-22.44789533686786,5.0,-3.0451509338155542,3,74.02359018192031,3,5.0,弱,5.26716500553707,3,弱,22.0,100,22.0,看跌,SELL,-9.848172928461151,-18.459640629364117,-22.577294525845883,95
BKNG,2026-02-23,3870.8301,4511.56099,5001.706038,5278.3949535,15.771927048155476,7,-6.515239179943977,-13.154979800074473,3,1.0637047616520976,5,14,弱,0,0,-14.201977794829718,-22.60980412299872,5.0,-39.4654571353384,3,52.04686443916228,3,5.0,弱,7.283114173176938,3,弱,22.0,100,22.0,看跌,SELL,-5.0520115090549105,-6.515239179943977,-24.0790408943807,96
ACN,2026-02-23,201.18,240.248,261.0022,267.3466,17.638354542764134,7,-10.279623600767064,-16.39098994264816,3,1.3753636739366086,5,14,弱,0,0,-16.261529752588984,-22.92018994475909,5.0,-3.2190165424927812,3,45.298967587220254,3,5.0,弱,2.433033103286949,3,弱,22.0,100,22.0,看跌,SELL,-6.5799860691896805,-10.279623600767064,-28.423524388942255,97
ZS,2026-02-23,143.28,182.04299999999998,207.12609999999998,267.507575,16.272502647370274,7,-19.378798109385553,-14.37279627084206,3,1.6950857992698967,5,14,弱,0,0,-21.293320808819885,-30.82474878829852,5.0,-1.4057450507821372,3,65.90135090144722,3,5.0,弱,1.9670631290027434,3,弱,22.0,100,22.0,看跌,SELL,-10.30985915492958,-19.378798109385553,-31.647743535922146,98
NET,2026-02-23,160.19,181.652,188.5776,196.07510000000002,38.73974268057948,5,-18.207812101097776,-7.51688701576122,3,1.5548523465337598,5,12,弱,0,0,-11.814898817519207,-15.053537641798387,5.0,-0.3072653896704667,3,80.87566218799341,3,5.0,弱,2.289947802660356,3,弱,20.0,100,20.0,看跌,SELL,-9.568702721011624,-18.207812101097776,-7.639529520295207,99
DDOG,2026-02-23,102.615,123.06524999999999,129.90109999999999,138.7707,31.722325935144838,5,-18.039137380191693,-8.125167875369332,3,1.7943256074655214,5,12,弱,0,0,-16.617404181927878,-21.005287869001872,5.0,-0.8317487450934706,3,97.98277935164062,3,5.0,弱,2.812537242283382,3,弱,20.0,100,20.0,看跌,SELL,-11.278748054642918,-18.039137380191693,-21.144240375009606,100
